condition,split,metric,value,numerator,denominator
retrieval-on_constraint-on,historical,single_support,0.7142857142857143,15,21
retrieval-on_constraint-on,historical,claim_evidence_coverage,0.16,16,100
retrieval-on_constraint-on,development,single_support,0.625,20,32
retrieval-on_constraint-on,development,claim_evidence_coverage,0.15436241610738255,23,149
retrieval-on_constraint-on,sealed_test,single_support,0.7857142857142857,22,28
retrieval-on_constraint-on,sealed_test,claim_evidence_coverage,0.2972972972972973,22,74
retrieval-on_constraint-off,historical,single_support,0.8947368421052632,17,19
retrieval-on_constraint-off,historical,claim_evidence_coverage,0.09042553191489362,17,188
retrieval-on_constraint-off,development,single_support,0.4,2,5
retrieval-on_constraint-off,development,claim_evidence_coverage,0.00909090909090909,2,220
retrieval-on_constraint-off,sealed_test,single_support,0.5,5,10
retrieval-on_constraint-off,sealed_test,claim_evidence_coverage,0.042735042735042736,5,117
retrieval-off_constraint-on,historical,single_support,,0,0
retrieval-off_constraint-on,historical,claim_evidence_coverage,,0,0
retrieval-off_constraint-on,development,single_support,,0,0
retrieval-off_constraint-on,development,claim_evidence_coverage,,0,0
retrieval-off_constraint-on,sealed_test,single_support,,0,0
retrieval-off_constraint-on,sealed_test,claim_evidence_coverage,,0,0
retrieval-off_constraint-off,historical,single_support,,0,0
retrieval-off_constraint-off,historical,claim_evidence_coverage,0.0,0,165
retrieval-off_constraint-off,development,single_support,,0,0
retrieval-off_constraint-off,development,claim_evidence_coverage,0.0,0,187
retrieval-off_constraint-off,sealed_test,single_support,,0,0
retrieval-off_constraint-off,sealed_test,claim_evidence_coverage,0.0,0,109
