split,method,metric,value,n,pool_rows,unknown_rows,status
historical,hash_dense,recall_at_20,0.7962962962962963,18,3222,2,ai_exploratory
historical,hash_dense,ndcg_at_5,0.46749014629778923,18,3222,2,ai_exploratory
historical,bm25,recall_at_20,0.9166666666666666,18,3222,2,ai_exploratory
historical,bm25,ndcg_at_5,0.6921114500543778,18,3222,2,ai_exploratory
historical,rrf,recall_at_20,0.925925925925926,18,3222,2,ai_exploratory
historical,rrf,ndcg_at_5,0.6437746754504171,18,3222,2,ai_exploratory
development,hash_dense,recall_at_20,0.8173611111111111,24,3273,3,ai_exploratory
development,hash_dense,ndcg_at_5,0.4295710857555161,24,3273,3,ai_exploratory
development,bm25,recall_at_20,0.9541666666666666,24,3273,3,ai_exploratory
development,bm25,ndcg_at_5,0.7366926499692513,24,3273,3,ai_exploratory
development,rrf,recall_at_20,0.9395833333333333,24,3273,3,ai_exploratory
development,rrf,ndcg_at_5,0.7437572775726206,24,3273,3,ai_exploratory
sealed_test,hash_dense,recall_at_20,0.7941176470588235,17,3295,4,ai_exploratory
sealed_test,hash_dense,ndcg_at_5,0.44770572257406843,17,3295,4,ai_exploratory
sealed_test,bm25,recall_at_20,0.8137254901960784,17,3295,4,ai_exploratory
sealed_test,bm25,ndcg_at_5,0.5301046926541249,17,3295,4,ai_exploratory
sealed_test,rrf,recall_at_20,0.9705882352941176,17,3295,4,ai_exploratory
sealed_test,rrf,ndcg_at_5,0.5612383722254363,17,3295,4,ai_exploratory
