case_id,condition,split,answerability,generated,cell_sha256,annotation_source,human_review_status
DSDEV-001,retrieval-off_constraint-off,historical,answerable,1,c3b52b3de090a0f9aa5ba427b1c61b109e20fbe7a845c26ae68f7f8854137608,ai,not_reviewed
DSDEV-001,retrieval-off_constraint-on,historical,answerable,0,0ab11bf37aa75eb35bbe9a8d5b5dce5e35b6cf7e6c1dcc3ed66bbb277bc781f4,ai,not_reviewed
DSDEV-001,retrieval-on_constraint-off,historical,answerable,1,84c06725e18b617f61ab7e4d1603c77c305653e94737fdb77586ba2613c3d141,ai,not_reviewed
DSDEV-001,retrieval-on_constraint-on,historical,answerable,1,04e18abec028579aa0560d6ccd36450ae4057ee0330655d75334e41f903444e1,ai,not_reviewed
DSDEV-002,retrieval-off_constraint-off,historical,answerable,1,28f5d865988445804ce2cb9aa5b4bfec110c6bc28f62ca254da8c0551307a6fa,ai,not_reviewed
DSDEV-002,retrieval-off_constraint-on,historical,answerable,0,ebe4530982c7c9aa075d3ea4609389c382d9f6825396d164d04e1e658880a556,ai,not_reviewed
DSDEV-002,retrieval-on_constraint-off,historical,answerable,1,4a5f7f16280eb4428049827a9f8d92c53531e03a9cb806064775e30d8d0dd4e0,ai,not_reviewed
DSDEV-002,retrieval-on_constraint-on,historical,answerable,1,11d97790b357010d88655c7e3cc7c6f54780fd39777db2b10eeb7a1404b2aa89,ai,not_reviewed
DSDEV-003,retrieval-off_constraint-off,historical,answerable,1,5aecbff6d255f2fd48baa88cd44cd8185cf7fcec22b335a47a56d6fdab29a173,ai,not_reviewed
DSDEV-003,retrieval-off_constraint-on,historical,answerable,0,c8d1759f043b29d7fa0948e12555ec2dccc6ed08eaa029fbe009de9a7329b75f,ai,not_reviewed
DSDEV-003,retrieval-on_constraint-off,historical,answerable,1,9505f8ea0268a835e04bd3adf8cef7ada962b8f58ab37b2d4c32d4a8639c415c,ai,not_reviewed
DSDEV-003,retrieval-on_constraint-on,historical,answerable,1,d2b7915ba34d997d0261f9915c0ee4ddbe653c8f0b2826dc84085cd7edd05a68,ai,not_reviewed
DSDEV-004,retrieval-off_constraint-off,historical,answerable,1,d8b671c2480c4223ec919946046a39845a8b6972a35652e72df5e79aa06487dd,ai,not_reviewed
DSDEV-004,retrieval-off_constraint-on,historical,answerable,0,35bfd744b460c0f3bcddd0a55d461ca636ef2e0c39438bb5431c5be0987fe811,ai,not_reviewed
DSDEV-004,retrieval-on_constraint-off,historical,answerable,1,23d11511e0fa9a507b8ff3a72d4b6422deaae480090ffb1e2b60268efb621a35,ai,not_reviewed
DSDEV-004,retrieval-on_constraint-on,historical,answerable,1,6bc2d2fda6b495d73df59e948925cd6e0d584a9c782fb0dd683e9b1435d47a52,ai,not_reviewed
DSDEV-005,retrieval-off_constraint-off,historical,answerable,1,1cf20ed70d55dcba323278db2b36e985804c0aae85ba8ca71020002dc5ef2bf7,ai,not_reviewed
DSDEV-005,retrieval-off_constraint-on,historical,answerable,0,42f4a28ec0182aa5997d811bd62499ed7598f4dec21fa08345efeb9b5ec122c5,ai,not_reviewed
DSDEV-005,retrieval-on_constraint-off,historical,answerable,1,954e9b5a3d04d951f97bc6a2b7ae6c978d8dfb7bdb2cb80a30edea79c6b444d2,ai,not_reviewed
DSDEV-005,retrieval-on_constraint-on,historical,answerable,1,9e60eebc26c199883ece7feb6ef750b135567a401b436c52d0c3754de41062f0,ai,not_reviewed
DSDEV-006,retrieval-off_constraint-off,historical,answerable,1,ca4712761d21c38c9105bd8e1548089fb809d35173668c8cba170868ae8a3e4c,ai,not_reviewed
DSDEV-006,retrieval-off_constraint-on,historical,answerable,0,32cff2da80e7ed0eda905f9ffcef0def2f69e0f9ab97e04cd0ed3c3dd406d9e2,ai,not_reviewed
DSDEV-006,retrieval-on_constraint-off,historical,answerable,1,f35e7b8d7f1da185ea13d75a5a33f2d8364f0dae7f1ea4bea39e87a5dbeb9a0d,ai,not_reviewed
DSDEV-006,retrieval-on_constraint-on,historical,answerable,1,95f26212a1e55ab04d44a7bb1fbca4f1c60a1a548cf0846578dd6928be59cc32,ai,not_reviewed
DSDEV-007,retrieval-off_constraint-off,historical,insufficient_evidence,1,80bae5ae052601c7bf0866f33541e16ecef6beb3bef0add131024a8d9289de96,ai,not_reviewed
DSDEV-007,retrieval-off_constraint-on,historical,insufficient_evidence,0,53cc9504d9722afc4f3918e7556fb2d089b4e4cddad08ab56b3641285f631867,ai,not_reviewed
DSDEV-007,retrieval-on_constraint-off,historical,insufficient_evidence,1,ddc181ff68e188c457936d7bc7b313a2eaadfecf2d3fbd10ee3d4f194ad404dd,ai,not_reviewed
DSDEV-007,retrieval-on_constraint-on,historical,insufficient_evidence,1,50215d12107ca4bb216e1f8111bab064979cf7a9c40bcc5827c43535a9ad5b13,ai,not_reviewed
DSDEV-008,retrieval-off_constraint-off,historical,answerable,1,38f71590841a5290ef1d1699087166319bdd91027029176322f55d2368f2db67,ai,not_reviewed
DSDEV-008,retrieval-off_constraint-on,historical,answerable,0,ffddd592c66bcead68933897e3b3f36b766e90979fb4a4ec087e1acf9930fda5,ai,not_reviewed
DSDEV-008,retrieval-on_constraint-off,historical,answerable,1,469d32976a356dc1b6d823b3f8bbd92130f52ca457e98a5edbc0ffd677b034a7,ai,not_reviewed
DSDEV-008,retrieval-on_constraint-on,historical,answerable,1,45bd80aefd9cbcb6033835d9b4de12371f5fb41750d334e4c7e0942f90e5e301,ai,not_reviewed
DSDEV-009,retrieval-off_constraint-off,historical,answerable,1,ef07a69812d11d672e2cffe766a5d6ec0e244470d63f40233fdc4cbd1e17ec04,ai,not_reviewed
DSDEV-009,retrieval-off_constraint-on,historical,answerable,0,5cbaaad9ed2af46467b33fa173ec0086c6c01edda8bf0b2bc724fe28f423dc4f,ai,not_reviewed
DSDEV-009,retrieval-on_constraint-off,historical,answerable,1,af530b8e1db9a80c2644158fe7ea602e65cacb4de79fea7a71d3a14cc42b76e5,ai,not_reviewed
DSDEV-009,retrieval-on_constraint-on,historical,answerable,1,ab93ebdb5f5d41d8bd0ba04228a14a5ff995a0456893d5631f049e707a631244,ai,not_reviewed
DSDEV-010,retrieval-off_constraint-off,historical,answerable,1,e45fa3e678205f187e17ebd114454cc992a437a4ae92e2bab6c3ef828867ab41,ai,not_reviewed
DSDEV-010,retrieval-off_constraint-on,historical,answerable,0,6d57d63b9c1d17a0e4704e86072e69d007049199ba8cd7e8bdb87b2446b9ea44,ai,not_reviewed
DSDEV-010,retrieval-on_constraint-off,historical,answerable,1,dd75a639ec4dd04ef23cf94acf101b3bceb3555c98850ac405846dcf4853cf62,ai,not_reviewed
DSDEV-010,retrieval-on_constraint-on,historical,answerable,1,6558cbe3df731bd3b035bde9f1e245b87a4bfd50e67655751c9c7d0c01f669ba,ai,not_reviewed
DSDEV-011,retrieval-off_constraint-off,historical,insufficient_evidence,1,6ef5d439c0443a995d6da95e9df2bc196344306ad63f4684bcd5c2ed349f72c2,ai,not_reviewed
DSDEV-011,retrieval-off_constraint-on,historical,insufficient_evidence,0,eff7bb4788c7bb44bb700497d4434673462695789194ff7b9240f633a4bb6607,ai,not_reviewed
DSDEV-011,retrieval-on_constraint-off,historical,insufficient_evidence,1,dc65d95eaba8d8b6c0b0d6f18cfbe0581acb3b6976ee00c5a03ea3328dec27b2,ai,not_reviewed
DSDEV-011,retrieval-on_constraint-on,historical,insufficient_evidence,0,a51966eafdb47b81f97d5ed94f02bc3a92fd3f489d9b39aa67ffdeb87acb1fa6,ai,not_reviewed
DSDEV-012,retrieval-off_constraint-off,historical,insufficient_evidence,1,e7f4da203b989eeb418507d93a3841a1cd5e511a0a05d408ec97164da945ff69,ai,not_reviewed
DSDEV-012,retrieval-off_constraint-on,historical,insufficient_evidence,0,2b812fab4980889ba121064250c53505ab7c778637f9d0de8522f3df6f9211e9,ai,not_reviewed
DSDEV-012,retrieval-on_constraint-off,historical,insufficient_evidence,1,a642f8ea0cc02e5f234e6d2c027b3d35f7e2f7f3ec6627bffe7d95739dac52ef,ai,not_reviewed
DSDEV-012,retrieval-on_constraint-on,historical,insufficient_evidence,0,491ac998134f4f979812b05c824438651d9c0ca409e8e92b1e984c3377bb9241,ai,not_reviewed
DSDEV-013,retrieval-off_constraint-off,historical,insufficient_evidence,1,df0965a49e0b04f46e9ccf910fb23adb3d572c3a9c9f4cfd92682e6893e60500,ai,not_reviewed
DSDEV-013,retrieval-off_constraint-on,historical,insufficient_evidence,0,4a058b70185b27b758a5fcd497fb2e97cd01bda040897d6f87293be1c34694aa,ai,not_reviewed
DSDEV-013,retrieval-on_constraint-off,historical,insufficient_evidence,1,a35b4edb4ef11ff0be856b081a29dedd1d15d197cb81c3c5cc6094bf2555ca30,ai,not_reviewed
DSDEV-013,retrieval-on_constraint-on,historical,insufficient_evidence,0,f928f6aa62296ffb2c57ba9fc644d2372672e625f6bd86c4a5d18b72a6256fec,ai,not_reviewed
DSDEV-014,retrieval-off_constraint-off,historical,insufficient_evidence,1,35cfe7e893cd8169df7d56422fc856ddf43259e3cdad63edd5701a764c217b43,ai,not_reviewed
DSDEV-014,retrieval-off_constraint-on,historical,insufficient_evidence,0,a3d9a2d4b2b80945512c3845b25018991bc276f5a0ed829a8d61e0f2674f1a22,ai,not_reviewed
DSDEV-014,retrieval-on_constraint-off,historical,insufficient_evidence,1,80d870ffaa6c6a947bdbec507f275da7a478faea98ee58426e26a7e823feb232,ai,not_reviewed
DSDEV-014,retrieval-on_constraint-on,historical,insufficient_evidence,0,e39d3a1c45a2b9fc91cde6c1a2f4f7989ff611bd3093425340f19db7b4b65033,ai,not_reviewed
DSDEV-015,retrieval-off_constraint-off,historical,insufficient_evidence,1,ef8c7d3e0dd7f890250e2506227e0a0afbec2f3a27f9e50c0e1d8d6670f0b32a,ai,not_reviewed
DSDEV-015,retrieval-off_constraint-on,historical,insufficient_evidence,0,6c2c0037f6b03f6c280481dc89c2f4e693027ee7aab170622cb8e27b8cf5f47e,ai,not_reviewed
DSDEV-015,retrieval-on_constraint-off,historical,insufficient_evidence,1,ca2ce6829aa8417663447cb48320a096e3633e2420076c7b416ad998f4f538a7,ai,not_reviewed
DSDEV-015,retrieval-on_constraint-on,historical,insufficient_evidence,0,70f67963b86f2cf69a3782f1a8fb3cdf7cca4b8ffd418886179966a70692f06a,ai,not_reviewed
DSDEV-016,retrieval-off_constraint-off,historical,answerable,1,32bd285ca0a54a09be2ae8aa1da4c9799bd06c7ff4d8406965a2ac7f13f4a56c,ai,not_reviewed
DSDEV-016,retrieval-off_constraint-on,historical,answerable,0,e704b0695d050a49ae27593f7733c515debc49908838ade1fd2293193fca64b3,ai,not_reviewed
DSDEV-016,retrieval-on_constraint-off,historical,answerable,1,489a18f9a10153cbcbeb5446d77cdfab2addc968661ce6b9525894ef7a5ed5d9,ai,not_reviewed
DSDEV-016,retrieval-on_constraint-on,historical,answerable,1,10f66772eb65b9aee4c9944f0527ee5418a667c141132977c9c9f30c506c408b,ai,not_reviewed
DSDEV-017,retrieval-off_constraint-off,historical,answerable,1,06e432dade907cf7739eb3bc6e3f1e71b850ea177ee2d3338bb83b0deacc4abe,ai,not_reviewed
DSDEV-017,retrieval-off_constraint-on,historical,answerable,0,c9555e73c50cf2b259ee8ecd67e1f9f073d4291e8a00af1cd30fe5bd8232e418,ai,not_reviewed
DSDEV-017,retrieval-on_constraint-off,historical,answerable,1,79d72dbaf5c5ebd010b7a43f7b0e351b16f2ffef95ae66a51b78010021672aeb,ai,not_reviewed
DSDEV-017,retrieval-on_constraint-on,historical,answerable,1,69c7b0e6e1becb8dbe820e7859fefc6f6b3c63d6b8eb0829467b005842a885fb,ai,not_reviewed
DSDEV-018,retrieval-off_constraint-off,historical,answerable,1,60f86c90df3e1f87027f02873993164ea16f46e901c6b04bddfb945d2cfcd81f,ai,not_reviewed
DSDEV-018,retrieval-off_constraint-on,historical,answerable,0,245cbc1bda249e57a19fc8adcdc9f12162ce48f5b68580efa9d6bcb769a10bf1,ai,not_reviewed
DSDEV-018,retrieval-on_constraint-off,historical,answerable,1,5c54417d19693de58371dfa9fbe40443f34c3b06e0a51ea9abc79fddd282bc0e,ai,not_reviewed
DSDEV-018,retrieval-on_constraint-on,historical,answerable,1,207644c80bf31390554e38a21bbb92306e8e46de1cd8bd5ab547984ab70a59aa,ai,not_reviewed
DSDEV-019,retrieval-off_constraint-off,historical,answerable,0,d3d6149a57256a62091d6186675b2f03c1af1439e28f6fa2fcece1a56cc8a6ff,ai,not_reviewed
DSDEV-019,retrieval-off_constraint-on,historical,answerable,0,cfd67146c769e0f43cb8631aed7745e6a21b194434d262f2a15994f623f19910,ai,not_reviewed
DSDEV-019,retrieval-on_constraint-off,historical,answerable,0,4bf1c1cf3416e60dba5fc282f735a30c61f4bdafeeaeccf52e772beb7f4d1230,ai,not_reviewed
DSDEV-019,retrieval-on_constraint-on,historical,answerable,0,9f0063789261e7988d4589b69c37f03ac58f6ad1f72519025263659cf4bf0443,ai,not_reviewed
DSDEV-020,retrieval-off_constraint-off,historical,answerable,1,0198f59a0ed0c50f7de81ae5e48d7ba422037549405e232faaf00ad30e541a8b,ai,not_reviewed
DSDEV-020,retrieval-off_constraint-on,historical,answerable,0,fed2e095270283b13a055855243c944dfeb3a16701158c3488f6c2611903e5ff,ai,not_reviewed
DSDEV-020,retrieval-on_constraint-off,historical,answerable,1,54e010a894349397137f815db6cc97a7b7d5b50c471ae710153f233510b35af8,ai,not_reviewed
DSDEV-020,retrieval-on_constraint-on,historical,answerable,1,fcabe5f89849240a9ae5e0f32c6ec0bc48b11a8874a374761703af202d584f9c,ai,not_reviewed
DSDEV-021,retrieval-off_constraint-off,historical,answerable,0,adafa94942388cfc6c9cd9eabe30cfc8ed0bd4336d68c7bd951999699759813a,ai,not_reviewed
DSDEV-021,retrieval-off_constraint-on,historical,answerable,0,67216777488fd07ef53bddafd9a38d9b738beb3776d9fb221291f957e98e2a90,ai,not_reviewed
DSDEV-021,retrieval-on_constraint-off,historical,answerable,0,bec1d81fb90510447b26cb23434366f4697d9c4806758b0879f951c66efee20a,ai,not_reviewed
DSDEV-021,retrieval-on_constraint-on,historical,answerable,0,d3204f758262ddc50b9e8a26850d23d727737679c89f515da3f8aae676fc9cf1,ai,not_reviewed
DSDEV-022,retrieval-off_constraint-off,historical,answerable,0,7cc2b39a7e0eb37e1a92333317367cd0505a89134b5981d6768b4f97ec0db04d,ai,not_reviewed
DSDEV-022,retrieval-off_constraint-on,historical,answerable,0,5b544e33119684c36c4280a6d9bb1ebf81df158a31256b9b907f68795c4f929c,ai,not_reviewed
DSDEV-022,retrieval-on_constraint-off,historical,answerable,0,7d9c2615e9a1510d2c37ae0940ccb26d29a08f999293d733746e643263569f97,ai,not_reviewed
DSDEV-022,retrieval-on_constraint-on,historical,answerable,0,8a7e8c42ebe0b37bb30e901980e12b77ae186bb79ba4f44474b510be1b99360f,ai,not_reviewed
DSDEV-023,retrieval-off_constraint-off,historical,answerable,0,c73373f6f66258e893c3fe5d37a73cb408c7fe9fb16efd2a3b2032852d50698e,ai,not_reviewed
DSDEV-023,retrieval-off_constraint-on,historical,answerable,0,24b5c3d6eb347a2e9299d49648d954fc64d1109402a1fea9d0f47a2b6a26ebc1,ai,not_reviewed
DSDEV-023,retrieval-on_constraint-off,historical,answerable,0,44b3712ad3657c752dc8de5e2d09606986d235957d517260800978cc2bd95208,ai,not_reviewed
DSDEV-023,retrieval-on_constraint-on,historical,answerable,0,69b0f5af208dad2751ca8330de12475c7977380b460d4b3033ef4b7b39cea09d,ai,not_reviewed
DSDEV-024,retrieval-off_constraint-off,historical,answerable,0,32a12e31a97e6234867186e92ce7e7913a87e66bda8a9bf261df07b65a40a3f9,ai,not_reviewed
DSDEV-024,retrieval-off_constraint-on,historical,answerable,0,017212f0e5e5284008fdf0aa133455d86f2277ab56ee1cc021491187774b9736,ai,not_reviewed
DSDEV-024,retrieval-on_constraint-off,historical,answerable,0,7a8396041bfe01e9c0c3611171c27ac6e9150208757c176d60e2abe51403d2cd,ai,not_reviewed
DSDEV-024,retrieval-on_constraint-on,historical,answerable,0,72279fe58e30f3105ce36e81c42be703370b7b1b89e95476f69a430f54a2d0cb,ai,not_reviewed
DSDEV-025,retrieval-off_constraint-off,historical,answerable,0,cdd6cf89f930de58eb26d219e0dc50c8fc05ac663658f6c3d4628d2d97f8a97f,ai,not_reviewed
DSDEV-025,retrieval-off_constraint-on,historical,answerable,0,6be8535fb7f4a53c874627789f338fa277de59dffc5e47a6ffea02be07604488,ai,not_reviewed
DSDEV-025,retrieval-on_constraint-off,historical,answerable,0,f566c8a9f95ee7bcc1c228edd9709d06534706266e6fcf0adb898407a088ff51,ai,not_reviewed
DSDEV-025,retrieval-on_constraint-on,historical,answerable,0,10383c0fbe3c9d425fc07d062af4ed49b1a31dd92103e06ff22348077d93ac0d,ai,not_reviewed
DSDEV-026,retrieval-off_constraint-off,historical,answerable,1,7864addb335f2e84105ec701d112eb6dc47994772a44047f19c561dc60a81204,ai,not_reviewed
DSDEV-026,retrieval-off_constraint-on,historical,answerable,0,d112892bc3e960d41ea596a874ce2503880db154ff05dbac24ab46ab225ba892,ai,not_reviewed
DSDEV-026,retrieval-on_constraint-off,historical,answerable,1,0c9c52fdf1b851e1ae7b315891a0a872f9c4721263fee8e164638a25932ef2cb,ai,not_reviewed
DSDEV-026,retrieval-on_constraint-on,historical,answerable,1,62f4b26aec9d2db0509f07ca5d139261db2fb3ef1925aae702e00ee1dd37ed2e,ai,not_reviewed
DSDEV-027,retrieval-off_constraint-off,historical,answerable,1,d033aecfb0d5bc06c538f260228b77c4b93bacf2516a8792dc64b44db40175ec,ai,not_reviewed
DSDEV-027,retrieval-off_constraint-on,historical,answerable,0,a21594a09a27d756598554f3fde0f00bf1c01b203c2670c5946c815479b95a4d,ai,not_reviewed
DSDEV-027,retrieval-on_constraint-off,historical,answerable,1,29912de5b9026c86c2be2431608c3ba4853c303dabcb78b3abf23b513cae84fa,ai,not_reviewed
DSDEV-027,retrieval-on_constraint-on,historical,answerable,1,ffabda1ed70d5070d87ba14c6262ff03bf5be7827348f0ca2e86c864351787cd,ai,not_reviewed
DSDEV-028,retrieval-off_constraint-off,historical,answerable,0,1db7b082908bf0447ee855f1cdd8266f9a31dcf55980b7aede6c310b3d24c886,ai,not_reviewed
DSDEV-028,retrieval-off_constraint-on,historical,answerable,0,3cf1e30dc31c942312b55d2d5d5c4dc9bf2d94d17e1c451f4d05dd65513028b7,ai,not_reviewed
DSDEV-028,retrieval-on_constraint-off,historical,answerable,0,37725c9988f8850424a6f2529ea40087b12dc2e8de10f6ad0e286c2183d674f3,ai,not_reviewed
DSDEV-028,retrieval-on_constraint-on,historical,answerable,0,9e005f48751321a5b33dd4563c32d45de054588a4da181ede1d9b6642765e902,ai,not_reviewed
DSDEV-029,retrieval-off_constraint-off,historical,answerable,1,6d108add074fdbbf8369fde16c60e996b159e58afad9f9fde234b51e56068963,ai,not_reviewed
DSDEV-029,retrieval-off_constraint-on,historical,answerable,0,4635c099fcf1def9610d03f303ed2d4013a3d891f8366bfcfffae09103a8b09e,ai,not_reviewed
DSDEV-029,retrieval-on_constraint-off,historical,answerable,1,221c312c722ecb211ec768d1d95397cd56eb2a183645364f7bcb14a2f2ef2d02,ai,not_reviewed
DSDEV-029,retrieval-on_constraint-on,historical,answerable,1,4a513714462a4aa7469241f6b1fc07276058a33ccd122712d0261269df75c631,ai,not_reviewed
DSDEV-030,retrieval-off_constraint-off,historical,answerable,1,3644b446943ca567a872f95bdaa3fef7129b824a1b0d02fa970a286c07621135,ai,not_reviewed
DSDEV-030,retrieval-off_constraint-on,historical,answerable,0,39da3cb9bb092ed7b17b585fcf74b05c85aa1459d289e8102a0fab0cd904f101,ai,not_reviewed
DSDEV-030,retrieval-on_constraint-off,historical,answerable,1,9ce07ddf74c21bddc934630cb44e5d254a03dcbc05e6db6ef1934823bbb52330,ai,not_reviewed
DSDEV-030,retrieval-on_constraint-on,historical,answerable,1,7f035e782ccab0d5309afe727a08a0c7f914893bdf0c5d6a934fd09c33969eac,ai,not_reviewed
DSDEV-031,retrieval-off_constraint-off,historical,answerable,1,7a0a3f754026427db2bed5ab97d5dbb6c4b210602a7f7c5f94c519acc1a44204,ai,not_reviewed
DSDEV-031,retrieval-off_constraint-on,historical,answerable,0,e3548fffd8cfe7c6bb741b7914ff34995df2ff0b7d57918038cd7407d6337bfa,ai,not_reviewed
DSDEV-031,retrieval-on_constraint-off,historical,answerable,1,114cc49f6086206f5787792663d049d8b39b79d7ba887451e1fa1ccce71c1e80,ai,not_reviewed
DSDEV-031,retrieval-on_constraint-on,historical,answerable,1,879e0802ab940466a2e0a8be004d6e41d81a77226ec9ae68500af6ffedeaa853,ai,not_reviewed
DSDEV-032,retrieval-off_constraint-off,historical,answerable,1,8394087a6f876339dce9dcc9a032a03adea9d8003492298b6dd8536fed0647e7,ai,not_reviewed
DSDEV-032,retrieval-off_constraint-on,historical,answerable,0,cca4c577e41d8b558e78ad7cda55d651be0f627ad34397265952e8838a4a3591,ai,not_reviewed
DSDEV-032,retrieval-on_constraint-off,historical,answerable,1,85fc695c363ec0cdcb05f3b4a623be1d009443d4fb9b0ed5e0257c9012e6f2eb,ai,not_reviewed
DSDEV-032,retrieval-on_constraint-on,historical,answerable,1,fd03d02932eab96a7f7374ce44ef1b2d53fb03ce7203a35530139abcc3f0649a,ai,not_reviewed
DSDEV-033,retrieval-off_constraint-off,historical,answerable,1,74f117caf6091d94315790c921b3e0669c4f3ea6b6a85466ada9b311dc467ff2,ai,not_reviewed
DSDEV-033,retrieval-off_constraint-on,historical,answerable,0,e1837717c5ec499d1b23dba893e351e86d2451d8d7adf907758e1bb579be34bc,ai,not_reviewed
DSDEV-033,retrieval-on_constraint-off,historical,answerable,1,ca38ec55024664ee502a4309f64e1ad315f844475bec4aab3a2cd7cc0f01bff5,ai,not_reviewed
DSDEV-033,retrieval-on_constraint-on,historical,answerable,1,3a4392d6db3189c30042d690a920c8fdf218d7e35fb004bbbd039606c92f617e,ai,not_reviewed
DSDEV-034,retrieval-off_constraint-off,historical,answerable,1,43aff2be15b44e1d778ac54bdd7c997c42ad1b2eb7152ef2eb872f10c5ff9cbb,ai,not_reviewed
DSDEV-034,retrieval-off_constraint-on,historical,answerable,0,daa4d2b59b08d33b14bb90dabc1fcb584a03892d1719ec76e2d6ed7f2283d360,ai,not_reviewed
DSDEV-034,retrieval-on_constraint-off,historical,answerable,1,45846f3700b049fa72a756a2f88dfa3bbbfea6abff66f5cfa891df059bc9e4cd,ai,not_reviewed
DSDEV-034,retrieval-on_constraint-on,historical,answerable,1,624e39df0173dd8f88b6323f64edb3b868337bba0882f5d9baed494d4fef18c7,ai,not_reviewed
DSDEV-035,retrieval-off_constraint-off,historical,answerable,1,3649d79d911db8a67ee213a548f575cd8045055ffc63d42fa1f85e6b01fd9338,ai,not_reviewed
DSDEV-035,retrieval-off_constraint-on,historical,answerable,0,8d505d3450a043fc3fe514fd504d7175d972eb0719f5a2cbfb73046d251b5c2d,ai,not_reviewed
DSDEV-035,retrieval-on_constraint-off,historical,answerable,1,3713b454f58b0aa10a72209e9daa697f6f0c98a3854e9fcddc2ff30993cc3490,ai,not_reviewed
DSDEV-035,retrieval-on_constraint-on,historical,answerable,1,5e1d8d91afe91d9323178466a23a58ffd25bd6b0e4197da4b5f8b161e09ac58d,ai,not_reviewed
DSDEV-036,retrieval-off_constraint-off,historical,answerable,1,26dfc1f46d90b8e10253bcda88b956b5afa6f8a3165c6c6c47188df837ada0cd,ai,not_reviewed
DSDEV-036,retrieval-off_constraint-on,historical,answerable,0,c8a7728576ab5ca104ff3684fd3032ae1f7d9fa66761f8d579c9069850d7f812,ai,not_reviewed
DSDEV-036,retrieval-on_constraint-off,historical,answerable,1,fffd6e5c16d4cae7c542cbd525882d40684614b575482d0e32dcbb804c194b46,ai,not_reviewed
DSDEV-036,retrieval-on_constraint-on,historical,answerable,1,12cb33edfbb50c2b4f46e5692a25b7a339f227af16a111c16826a7a354bd82df,ai,not_reviewed
DSDEV-037,retrieval-off_constraint-off,historical,answerable,1,f7e46e08dcba808c8945d6ecf8ade969ef4b5e7f1dd863858f58a8bf1d689cc2,ai,not_reviewed
DSDEV-037,retrieval-off_constraint-on,historical,answerable,0,2029dbec7a51e0ba4705da357bf78ded91d2ae847dbcbf8065f1bcec8988652e,ai,not_reviewed
DSDEV-037,retrieval-on_constraint-off,historical,answerable,1,8682641bfb14fbe49ad922bea0598e74fcf746bdebe08ff8f516c611d3920dad,ai,not_reviewed
DSDEV-037,retrieval-on_constraint-on,historical,answerable,1,d9fc82c8d19949c637d91f573e0d92a043a1bd1f20f50e8c958e29ab76a6d204,ai,not_reviewed
DSDEV-038,retrieval-off_constraint-off,historical,answerable,1,f4aade7b80350240e6d8aaf1d57baec5212455cbc99a62422ea200cb8767b052,ai,not_reviewed
DSDEV-038,retrieval-off_constraint-on,historical,answerable,0,1185079341507eab5785df77c1ec6b0a7269df9ef9a77621fa2319cc6422ad16,ai,not_reviewed
DSDEV-038,retrieval-on_constraint-off,historical,answerable,1,828792672b46a7fd08f597795f373d47ea05e9851abfe28eecbb4cf998815f3f,ai,not_reviewed
DSDEV-038,retrieval-on_constraint-on,historical,answerable,1,ebe39f678282901f49a6c6507ae33138c0ab8c082dacb9c71d713cec251f5ac2,ai,not_reviewed
DSDEV-039,retrieval-off_constraint-off,historical,answerable,1,8f0f73a9ca9333bb987a356d673752c382ed9ea52fd1f9c51e88f372f054b69e,ai,not_reviewed
DSDEV-039,retrieval-off_constraint-on,historical,answerable,0,573dd2b7ea5d3b12dfde4bcec370aca192701f1e4d02d6d1176f6ba075eed9e2,ai,not_reviewed
DSDEV-039,retrieval-on_constraint-off,historical,answerable,1,848556c46bf877981c0bd3e214fd1652f88d269bc5283277d035d7906b091268,ai,not_reviewed
DSDEV-039,retrieval-on_constraint-on,historical,answerable,1,ceea6f12050987572fe0ce435f8561052fbbabae9985cba5d2f0f411dbf24363,ai,not_reviewed
DSDEV-040,retrieval-off_constraint-off,historical,answerable,1,533e869bb46646dc25d3e4c77d0572d9be7ffe8bdbaa1c8f1410607eeed2b54c,ai,not_reviewed
DSDEV-040,retrieval-off_constraint-on,historical,answerable,0,5c88c696562ef6121ec189cd06ef3f5b2a48f8d9874f0d8f7a84cd6d988dee20,ai,not_reviewed
DSDEV-040,retrieval-on_constraint-off,historical,answerable,1,bd22b35f482737d31e1a2e3c10decea80314f00677eca7f9b54b010db362e38f,ai,not_reviewed
DSDEV-040,retrieval-on_constraint-on,historical,answerable,1,de9b872413aa559a2fd8a3fc952139d356aef03683d367e34005e92dbc204174,ai,not_reviewed
NQ-001,retrieval-off_constraint-off,development,answerable,1,08fbeda20eb5d1aa1ae1bf2bf19a0f48eff70ede937845cf3e57b1b84aa18649,ai,not_reviewed
NQ-001,retrieval-off_constraint-on,development,answerable,0,7c39fb1657ed2837dd8733d8ed295faaed53c28525dff6d803bb21248ecd2a49,ai,not_reviewed
NQ-001,retrieval-on_constraint-off,development,answerable,1,3b386009cdb81119a12c5d673c21fb6736757040115abd04e49c82d99ad5ad94,ai,not_reviewed
NQ-001,retrieval-on_constraint-on,development,answerable,1,adb5113a8484bad38b960daa46484979b71c679e319700b58e6e5c37c2d72eb0,ai,not_reviewed
NQ-002,retrieval-off_constraint-off,development,answerable,1,3ac7cb05b09d244700493fe421b87a23e716d009dcfe3f284f55637512c7d268,ai,not_reviewed
NQ-002,retrieval-off_constraint-on,development,answerable,0,bb7b33fd4f8ce691cdc4b4cdbfc296048626c30a2d67b0c1d0d5d6c4d89ad688,ai,not_reviewed
NQ-002,retrieval-on_constraint-off,development,answerable,1,894f6313edd5b08757e3f30de4e941e1848cd9cad9f06ba394b1b22d37e24654,ai,not_reviewed
NQ-002,retrieval-on_constraint-on,development,answerable,1,4ed93dc8e75e2a6df2c2a3d17a3a5505b77ba8097ae733440f07c50fbdd897ae,ai,not_reviewed
NQ-003,retrieval-off_constraint-off,development,answerable,1,5c5355213ad3b7654ca52cdf955e4d242f0041cd5c3ace9b5a510f5c8e7a208e,ai,not_reviewed
NQ-003,retrieval-off_constraint-on,development,answerable,0,947a388b800e346b02271274d18738053a9f3f49c0d8ee348fc64924964a7191,ai,not_reviewed
NQ-003,retrieval-on_constraint-off,development,answerable,1,465c8f6909945c89ce8c483ff94f9730b7c3fb465769eb88e9fdb1dc73b3975a,ai,not_reviewed
NQ-003,retrieval-on_constraint-on,development,answerable,1,5b0f88e02a51e3f313e676efa4bb3e1c0508cc7bae9b351f8308874124f28587,ai,not_reviewed
NQ-004,retrieval-off_constraint-off,development,answerable,1,677f1c5a7d75b9bd5ed326c5ca9f7e6474105b52c51b38b1ebfe06f383e6a3f3,ai,not_reviewed
NQ-004,retrieval-off_constraint-on,development,answerable,0,2d723ef9b52fbd058a06595187ddd530466d78b4b5889e28a515aa0b963973a7,ai,not_reviewed
NQ-004,retrieval-on_constraint-off,development,answerable,1,e14075f9d03686f191d929ee5f64e6573e76c9041e21ec89b3f6fda640c2af4c,ai,not_reviewed
NQ-004,retrieval-on_constraint-on,development,answerable,1,07e72728ad441bf549bb4ef7c214acfb8bf98967226a524cdb2481140cbaa45a,ai,not_reviewed
NQ-005,retrieval-off_constraint-off,development,answerable,1,f3eceb7daeac65de7f55da0623776853019bbb07f8105ec3f80dc48992e69951,ai,not_reviewed
NQ-005,retrieval-off_constraint-on,development,answerable,0,42e8cfcdc724c413d06ab797a22372e99f5ce37b17c1ff74c07eac0a209042df,ai,not_reviewed
NQ-005,retrieval-on_constraint-off,development,answerable,1,8f4588e374ff327370a8999e05a07b842901d7683bb466cb7552c21481825164,ai,not_reviewed
NQ-005,retrieval-on_constraint-on,development,answerable,1,e5d67f3da7fde31182ad80d0c57b99d7440da761c9d3de129ff40e7d2764d839,ai,not_reviewed
NQ-006,retrieval-off_constraint-off,development,answerable,1,2a19e7022fb867a587169708310f774e9f3971ad8428a58b2370371bfa9619a8,ai,not_reviewed
NQ-006,retrieval-off_constraint-on,development,answerable,0,ebe1961654ef1ca1f6d12bc4d8d48c702a5d279e63bcd4a5c91f2a219ddb5704,ai,not_reviewed
NQ-006,retrieval-on_constraint-off,development,answerable,1,99961dbfaf02fe226e69f81efcbdf3c98a9e883c140135a7fcec850c0ad6cbf2,ai,not_reviewed
NQ-006,retrieval-on_constraint-on,development,answerable,1,422cc0ee222f26a52e5078544c7a18a6de6a2545304ee1f9af93a321aae342c0,ai,not_reviewed
NQ-007,retrieval-off_constraint-off,development,answerable,1,532d675ed794eb9b345fc9df4fee7a520d72d62bb38386a9f27bc03020b24eb5,ai,not_reviewed
NQ-007,retrieval-off_constraint-on,development,answerable,0,130ecff4b9a45b570726d5689d4e0bd6b16c08a473460234f95d357b59694e51,ai,not_reviewed
NQ-007,retrieval-on_constraint-off,development,answerable,1,efcc7c3c2744faf3c9a28f43a3712daa52cbd45855b3f72718e06ed8b14cb97d,ai,not_reviewed
NQ-007,retrieval-on_constraint-on,development,answerable,1,22a66089e8c4c6cd9e1ca206d104ba15836418e20fde20dd7579d09f0caeea51,ai,not_reviewed
NQ-008,retrieval-off_constraint-off,development,answerable,1,082d480851d76f84212715f02df971859f4614ff92ec94110cf6c7d6f468980a,ai,not_reviewed
NQ-008,retrieval-off_constraint-on,development,answerable,0,d7e6e9416d4dc2885a06502907ce204de9bb75cb6910af128bce66555f9d6913,ai,not_reviewed
NQ-008,retrieval-on_constraint-off,development,answerable,1,649b98a6a1dc1e7517184b1043442ee82754b5bbdd383e51258050cf9139df43,ai,not_reviewed
NQ-008,retrieval-on_constraint-on,development,answerable,1,563c7b76f5e055347248e8b8b142076b119693c540e1774cea54ef0137ecb127,ai,not_reviewed
NQ-009,retrieval-off_constraint-off,sealed_test,answerable,1,eab7289f0b35491df9b19c961ec0eb2a36363fce03bf6e26cd1b84dbb6924a83,ai,not_reviewed
NQ-009,retrieval-off_constraint-on,sealed_test,answerable,0,abf755daee1dae9ea338898169e196374a667c7cc7f139f4ceb132b3ecb4209d,ai,not_reviewed
NQ-009,retrieval-on_constraint-off,sealed_test,answerable,1,7f513f8a817df442ae238a1b9ad9124b5e4a7407f20e19b2fa90e499fc5269b4,ai,not_reviewed
NQ-009,retrieval-on_constraint-on,sealed_test,answerable,1,def05eb15c6b442b07e05d5299157a396246a94de2c0481d576866029cd21223,ai,not_reviewed
NQ-010,retrieval-off_constraint-off,sealed_test,answerable,1,e48d095e22f0827afabd2925f5bb9b4fca69d7efae981209d7cc7570f719de60,ai,not_reviewed
NQ-010,retrieval-off_constraint-on,sealed_test,answerable,0,b35c6ba2eb7b9cc74a09346c0ff10653718ef1c575390b158516952d52fc9347,ai,not_reviewed
NQ-010,retrieval-on_constraint-off,sealed_test,answerable,1,2a0bbeceee4ada5320bcfc1ce6f62034c66075d0eeafa2cf6d1d62bfaa5a25aa,ai,not_reviewed
NQ-010,retrieval-on_constraint-on,sealed_test,answerable,1,4b6fafce47284a3371379c6b66ef0e31e62dc9a720aa58c4e18cf747bb7834a3,ai,not_reviewed
NQ-011,retrieval-off_constraint-off,sealed_test,answerable,1,20d006ebe9575fca5f1e70025c7270d2f1b02a0767442ef202dcffa2423f6944,ai,not_reviewed
NQ-011,retrieval-off_constraint-on,sealed_test,answerable,0,292362722adb7ea39e259fdcbefef4708583f621cbe1742a4fa6cc2e04c6bc22,ai,not_reviewed
NQ-011,retrieval-on_constraint-off,sealed_test,answerable,1,38e915a4fcebb7a9aa690bda5a3dc63ef22788ba6c137b6f0ae465a154b2b209,ai,not_reviewed
NQ-011,retrieval-on_constraint-on,sealed_test,answerable,1,ac42dadeca0c1a2518061b74ba36bf1fb7cf65458eafcbcbb8406aa41d4933a5,ai,not_reviewed
NQ-012,retrieval-off_constraint-off,development,answerable,1,51a5ca15cd7985b3b997d25439a175043c6dd2273a52bfcd2b12c36ab6aa2e11,ai,not_reviewed
NQ-012,retrieval-off_constraint-on,development,answerable,0,0aa40dfd44c05c0eacd07de316267b4212847a273efeb5e4179384ab5b4eb5f5,ai,not_reviewed
NQ-012,retrieval-on_constraint-off,development,answerable,1,efb8376978b1de4e98ba1ecec3cbff0f3858156b26cf783acdd3a1163eccbca9,ai,not_reviewed
NQ-012,retrieval-on_constraint-on,development,answerable,1,1de38794962e5a4a0dd3aca0a8bb8789649a61cf47b74e98ad01840efb7ff6c6,ai,not_reviewed
NQ-013,retrieval-off_constraint-off,development,answerable,1,69d6d8cc5af2112d64556a8f2fc97f5352e29e4ad16e43fc1eede5d5ec6fe981,ai,not_reviewed
NQ-013,retrieval-off_constraint-on,development,answerable,0,f3e8a8f4e6b525a307fff1af146cf5d023bfe0ecc0f808d730ffb4c5fbb18cef,ai,not_reviewed
NQ-013,retrieval-on_constraint-off,development,answerable,1,9573636bd5278fa839a9bb13ec694401fdc478c470b450c0a86a81a7a8b58f54,ai,not_reviewed
NQ-013,retrieval-on_constraint-on,development,answerable,1,37c1d5454b9f9aaa7df58422a59d1228ce004830f486e6e84eb394a0353656e3,ai,not_reviewed
NQ-014,retrieval-off_constraint-off,development,answerable,1,07db7377a6d1cdb528b0700c0b2ee242d753eab548a70cb0e3a95c82312f84bc,ai,not_reviewed
NQ-014,retrieval-off_constraint-on,development,answerable,0,2427e9c62941c9642b4979679428382b7d11c400c1cd815ca4b2c3885e9ad627,ai,not_reviewed
NQ-014,retrieval-on_constraint-off,development,answerable,1,423d2a1707854dccf2912179a8f4f2a544937f6a9c1e002f54cdb8c15894c455,ai,not_reviewed
NQ-014,retrieval-on_constraint-on,development,answerable,1,c8c57dccbe63460ccbc681d40dba833c1ff46e3bb291ab25d308ab12a7f65447,ai,not_reviewed
NQ-015,retrieval-off_constraint-off,development,answerable,1,b1984a78180c1290d5c80bc853d29f41e7588b544082ce6aebc54df7004dd0c2,ai,not_reviewed
NQ-015,retrieval-off_constraint-on,development,answerable,0,4209ce932e79f25b3ac902ac55da50c7f75372dfad4737e703887381dd75c1e1,ai,not_reviewed
NQ-015,retrieval-on_constraint-off,development,answerable,1,b617e64c49bd10a6fb583892024c7a87e06520682ea55fb6ca1357b6867d327b,ai,not_reviewed
NQ-015,retrieval-on_constraint-on,development,answerable,1,5cfd2655424bb3d4e71d2459e2b75c56abc38949ec0efb9b80edf5929e439cfb,ai,not_reviewed
NQ-016,retrieval-off_constraint-off,development,answerable,1,997d267ff320bb23feebf476364ca8bd1e16a076add63a2d5f63b35cc46dad4f,ai,not_reviewed
NQ-016,retrieval-off_constraint-on,development,answerable,0,b0dff9b9518ee78747c812f115fcc7c15d72345df94b403ca924f4b165b6384c,ai,not_reviewed
NQ-016,retrieval-on_constraint-off,development,answerable,1,4fbd7b7d0a031e069403e84bc7176a9a7b3ce4f87b2401338ee4f9a9b036d2ac,ai,not_reviewed
NQ-016,retrieval-on_constraint-on,development,answerable,1,743406dedb1992fb760b773c63740cbd8114a743cf5dd1a77534d0e6dec52f8e,ai,not_reviewed
NQ-017,retrieval-off_constraint-off,development,answerable,1,5ce28a28f9114a803142e2fe440fc980e1466616b064e05632fa1fc09450c173,ai,not_reviewed
NQ-017,retrieval-off_constraint-on,development,answerable,0,5c4b0a8fdcf0cba1638b2bcb747d63fc5b254a6f18726ad959e9428dc9c2aa99,ai,not_reviewed
NQ-017,retrieval-on_constraint-off,development,answerable,1,72f31315486be8cf95d3a29b560f35e4cc89b8b6fd697e4f24542a6f4fc7856d,ai,not_reviewed
NQ-017,retrieval-on_constraint-on,development,answerable,1,4c934dd3ac367df6f491cfb0814df81b38664661b81b2a5f4cde7f739696b119,ai,not_reviewed
NQ-018,retrieval-off_constraint-off,development,answerable,1,0945e2ea512e5d5a46066dc841629e69949828823f0527145ab0c88bc25b8825,ai,not_reviewed
NQ-018,retrieval-off_constraint-on,development,answerable,0,2219130b78f60257f45bd9234eba763a433acb8fb7b3f0e5297ea6032003d5bd,ai,not_reviewed
NQ-018,retrieval-on_constraint-off,development,answerable,1,9293b893b7acd8be2b0c68a095de962824fc8905289377e44fe12a9914c63fbc,ai,not_reviewed
NQ-018,retrieval-on_constraint-on,development,answerable,1,b5e6c5c84a7b1e9d8d8c4c9b4375fc437674aa9611b6eb4f7b6e254d0c417154,ai,not_reviewed
NQ-019,retrieval-off_constraint-off,development,answerable,1,5db97342c00d2263d4e1aac0d8fe6a904a879831e1514e333a5df1b9a1587ab0,ai,not_reviewed
NQ-019,retrieval-off_constraint-on,development,answerable,0,c3127d2806bbd994b9fc6a2805fa606b2e8342e2e531a7d1843e165bcad16bba,ai,not_reviewed
NQ-019,retrieval-on_constraint-off,development,answerable,1,43c9d6dccac341524493398ec98a908e73ffae78a329d33f80a6ca125641bd7c,ai,not_reviewed
NQ-019,retrieval-on_constraint-on,development,answerable,1,41e0bb47d99cf7d2c9513fced2a57da11773369b8354fadfa96d7e0a5ad7f21e,ai,not_reviewed
NQ-020,retrieval-off_constraint-off,sealed_test,answerable,1,781c170ed3278d45006c4eec0a0f50af740ae9e6e7f271b666d4d29b78945702,ai,not_reviewed
NQ-020,retrieval-off_constraint-on,sealed_test,answerable,0,2762965535eebb115f52854c760ede21be1faa6fe57a0d5a8dc49489558970f2,ai,not_reviewed
NQ-020,retrieval-on_constraint-off,sealed_test,answerable,1,bed572947d2dd7e4937deee6074721dd87b2d8906ac2ee69895e22d67217c093,ai,not_reviewed
NQ-020,retrieval-on_constraint-on,sealed_test,answerable,1,eb446af0c0f33870437df4d460b5d8bcb6fdaa658955707aa57019f7ac5171b7,ai,not_reviewed
NQ-021,retrieval-off_constraint-off,sealed_test,answerable,1,ff2d112c99b38f05ef0cc307a0e5bc859496799bf6676c6dc7aca667db47423f,ai,not_reviewed
NQ-021,retrieval-off_constraint-on,sealed_test,answerable,0,246a46e0fcfdbdcf86c415759baf057c6e22272c8878a15694a2672945651784,ai,not_reviewed
NQ-021,retrieval-on_constraint-off,sealed_test,answerable,1,f42d14a67ad2319abd49f64c00f5208a4bf694e5f3a5497662824436a54792bc,ai,not_reviewed
NQ-021,retrieval-on_constraint-on,sealed_test,answerable,1,7eed5f5843937c087119a9eb7de94714638cd5fae4a4ad6dd32f22dc812d4588,ai,not_reviewed
NQ-022,retrieval-off_constraint-off,sealed_test,answerable,1,6af088a0a0ea18191a14390b6a7196a794e8d1c7439ee8e68de5509cb4b6d176,ai,not_reviewed
NQ-022,retrieval-off_constraint-on,sealed_test,answerable,0,4c573ab4f768d9552a727541296c88a74bfbf35cd03c9e7db5e2e9c1f5fc5a62,ai,not_reviewed
NQ-022,retrieval-on_constraint-off,sealed_test,answerable,1,9635dcfa89b2d7543b89f4d7f8538d60f9182bce56d6b5eb14359f90dd5a2532,ai,not_reviewed
NQ-022,retrieval-on_constraint-on,sealed_test,answerable,1,18cd024a3e5b48a009bf2b1a310479f5bc672b20002f3436f2c9fdc3c4bea5fa,ai,not_reviewed
NQ-023,retrieval-off_constraint-off,development,answerable,1,a243f15a51150ba262216be311d6716d34fc398581d48c9189a2a5d1481acc41,ai,not_reviewed
NQ-023,retrieval-off_constraint-on,development,answerable,0,196553b4dbeace1b066818994718db4278557190a0b6c3f01613aac437b0d0ca,ai,not_reviewed
NQ-023,retrieval-on_constraint-off,development,answerable,1,8fe72acd42fed5718395bd95f45fea1fe1b764f8bdf70371dfe68900826d7b3c,ai,not_reviewed
NQ-023,retrieval-on_constraint-on,development,answerable,1,684a5cfdd0aba9ccdcf4758ebd04e204b583f5e6fd583c4ef1ff19a7210429ca,ai,not_reviewed
NQ-024,retrieval-off_constraint-off,development,answerable,1,aebdab997d6142776979af7ec575b4745fd369617132cb28edb24fcfa00538e2,ai,not_reviewed
NQ-024,retrieval-off_constraint-on,development,answerable,0,12ad97d6a1baed982a94e607d7265f9c6218aa390b6165cbc4c3f58a05b232c8,ai,not_reviewed
NQ-024,retrieval-on_constraint-off,development,answerable,1,4cfedcdfceba44f6a0cf8b54994fd98a3096a0fef2d3b99e7d230dfe6f589f24,ai,not_reviewed
NQ-024,retrieval-on_constraint-on,development,answerable,1,0fe43c4a728bafeecd257a545a385f5cc6d6cb9fd182a24601b77c91c64a47ba,ai,not_reviewed
NQ-025,retrieval-off_constraint-off,development,answerable,1,f14ec58745854cc7a0cab1264569ecdfcd7c09cdd59452a5109d16b19a3f7ef9,ai,not_reviewed
NQ-025,retrieval-off_constraint-on,development,answerable,0,cc897a69367eb388462e7785c932389e4104ad8da99f14dbf6f4c2c50d70cd80,ai,not_reviewed
NQ-025,retrieval-on_constraint-off,development,answerable,1,3b25560d89ee1a1a6c30a17dc60a383c73ab5f8eaff407afa2bb560fdad18adf,ai,not_reviewed
NQ-025,retrieval-on_constraint-on,development,answerable,1,c9baeccadb50ef6a6c109a8bae1c4cac2b616421e84ccab9739e27390a57a668,ai,not_reviewed
NQ-026,retrieval-off_constraint-off,development,answerable,1,b4fd4db7314c0ab9ce583e686594777c91ca12eeed2ed7b466f67b2215e048bd,ai,not_reviewed
NQ-026,retrieval-off_constraint-on,development,answerable,0,4a20d8a90e9a3cebaf67a3de873ad26df3c9626ae72ce0dd06c85dc69023c335,ai,not_reviewed
NQ-026,retrieval-on_constraint-off,development,answerable,1,7d33efc624eed5f4662038bc474ec4e475a9168887308b9a6fd17edba698ca9c,ai,not_reviewed
NQ-026,retrieval-on_constraint-on,development,answerable,1,8eb140d4f89ca0565c037972e722835514e82d353daa05932c3b9efc02c43423,ai,not_reviewed
NQ-027,retrieval-off_constraint-off,development,answerable,1,7c2b3895be36b26d09489c15899351a5afbd9b2c98683eb6d3961058ea385f7b,ai,not_reviewed
NQ-027,retrieval-off_constraint-on,development,answerable,0,3d608dec7f27e7474dd026bf814ab14cef4c11a63d3f2bca8bcdd1fe0f215620,ai,not_reviewed
NQ-027,retrieval-on_constraint-off,development,answerable,1,5904c214819ede14ec212f0cc8fd327b3a0af8f636740a06c5c8873dd265cd23,ai,not_reviewed
NQ-027,retrieval-on_constraint-on,development,answerable,1,28a3eb11dd4a1116ce5cb1ed87fbf937b9011d3f7821bf51076c761e9325a842,ai,not_reviewed
NQ-028,retrieval-off_constraint-off,development,answerable,1,94a04d1dafbff71de134b04ac476d6f6e021a5028d6a3e98c08ef44a46c6b72f,ai,not_reviewed
NQ-028,retrieval-off_constraint-on,development,answerable,0,c240284dc2fc62721c660bb1ab8130ffb5ded999e3b5c7e685f4bf46d6ba05d7,ai,not_reviewed
NQ-028,retrieval-on_constraint-off,development,answerable,1,6715a0fb4beefbf1dfe82ff06394633143a938ade4199e9bec09f61dcbd51de7,ai,not_reviewed
NQ-028,retrieval-on_constraint-on,development,answerable,1,d6facb5f6f2697ccfe5c424a7e39842ac66537a2d97e2ce873692e3f198962d0,ai,not_reviewed
NQ-029,retrieval-off_constraint-off,development,answerable,1,6ce8bf644e12f9ce03fa9761439f3bc1477759de7e32d3f3efb9b48a781a5eb3,ai,not_reviewed
NQ-029,retrieval-off_constraint-on,development,answerable,0,e54fce54cce2e6a7df82258a0eff0d98da2bca53a5f87644496e6c4ac84cacf9,ai,not_reviewed
NQ-029,retrieval-on_constraint-off,development,answerable,1,e4f47a55fb05ef16cac2a2cd3e2abe2d26dc35a43dc688c906bfcb5c410d3556,ai,not_reviewed
NQ-029,retrieval-on_constraint-on,development,answerable,1,98e56c35bc428b437572e5a94aacddd1a5e81ef4468bf16788c5e7e1cba58d6b,ai,not_reviewed
NQ-030,retrieval-off_constraint-off,development,answerable,1,2e1222ee16e35e25c31c86d32f21c81342c0c3e021de00e5890be2d0099f9f2c,ai,not_reviewed
NQ-030,retrieval-off_constraint-on,development,answerable,0,083926b4075d5bfda29fd86fac4d03699dc1c3821dfa65e5de48f35c95b1a111,ai,not_reviewed
NQ-030,retrieval-on_constraint-off,development,answerable,1,98b13530051c6afdf225e2e6cc33935cf7e397d11a3cec8bd9dca09cfe39b412,ai,not_reviewed
NQ-030,retrieval-on_constraint-on,development,answerable,1,2c8766e7d8f24f65b1eeaf816386f63341c2cc92ec7c50a719d901f614a292f9,ai,not_reviewed
NQ-031,retrieval-off_constraint-off,development,answerable,1,cf29579d0612fab71fb043cc37bbf33db8df8bdbeb1595a58a4e145d8a07a2d0,ai,not_reviewed
NQ-031,retrieval-off_constraint-on,development,answerable,0,76bb86d2c13887d6b8fa9b7976622e3780422086cbc6d4e314979f8fa980af8d,ai,not_reviewed
NQ-031,retrieval-on_constraint-off,development,answerable,1,0070d94797903afd87a20b1e52dd6134bcd8b9aa43afb44e58e3ec2f4f75b2f5,ai,not_reviewed
NQ-031,retrieval-on_constraint-on,development,answerable,1,4cb5f4cd07a1ce90b2c00f1afbacb3d0b44aadcc22f9d7d01ca0f0f4da8f0b82,ai,not_reviewed
NQ-032,retrieval-off_constraint-off,development,answerable,1,6952b90edc824c2aa6bf3d33df9f07b46dd699e3ba15b9a69e7a6c294d9745e6,ai,not_reviewed
NQ-032,retrieval-off_constraint-on,development,answerable,0,7eb8075af4429ce6a3334c5eb4b9766538592073531b127cf3cc936bb8d45db6,ai,not_reviewed
NQ-032,retrieval-on_constraint-off,development,answerable,1,5cc0fb328067182e77eef843f6177cdc02d1eca1fd51285ab2803eb359491224,ai,not_reviewed
NQ-032,retrieval-on_constraint-on,development,answerable,1,f48ccb37c7dc77e1a8dd70aa4386cc27ec8ee38a3364c489677b9b11da2671e4,ai,not_reviewed
NQ-033,retrieval-off_constraint-off,development,answerable,1,581c61340b425ac6ee91602f0b3fd5403a6e897ed8d3d663145bb6aa581ca012,ai,not_reviewed
NQ-033,retrieval-off_constraint-on,development,answerable,0,35d136bf9c2f8bc746182c3ac394ecc7bf23510199aa73c5fe8af2d9da68a6fe,ai,not_reviewed
NQ-033,retrieval-on_constraint-off,development,answerable,1,eb0b0826616745b692b3c10edea12267d0185eb4dbf668810a1890877806a641,ai,not_reviewed
NQ-033,retrieval-on_constraint-on,development,answerable,1,0906c0cef8891a12faca15413bbc7e5e66acead300dada5da375e3b0fc269693,ai,not_reviewed
NQ-034,retrieval-off_constraint-off,development,answerable,1,2ca3514da21e0d6d6f30aeed70256848bb40c83bd099baef674549f952468c64,ai,not_reviewed
NQ-034,retrieval-off_constraint-on,development,answerable,0,033e079baec159243f27f2b10e627b8026c107baf8f825a5f3641144ddcf38b5,ai,not_reviewed
NQ-034,retrieval-on_constraint-off,development,answerable,1,5489fa47701b17c715410d5c33cd112c36858b1bb6a51640259b579b156c24c1,ai,not_reviewed
NQ-034,retrieval-on_constraint-on,development,answerable,1,6326ce283893fb472e2af89b37d27d4dd2d5af393d6e0459e25d1a510d2c1a51,ai,not_reviewed
NQ-035,retrieval-off_constraint-off,development,answerable,1,0bdbc24dad095843a27b6292cf0ba947e32e4e1235eb30a6775dc470ca9ce8ad,ai,not_reviewed
NQ-035,retrieval-off_constraint-on,development,answerable,0,8bf942360265911eeadabbc1b4b972a807329568ccbb666dbf0082add855d360,ai,not_reviewed
NQ-035,retrieval-on_constraint-off,development,answerable,1,8b4af3660a1cd45779e5b36b231340d14c190d308af1768da5f76bf6cc0f795d,ai,not_reviewed
NQ-035,retrieval-on_constraint-on,development,answerable,1,d2258d6e9cf78c0da0e135a3215bb7cc28f3de66ec71d5d029d6eb3df9d1f45c,ai,not_reviewed
NQ-036,retrieval-off_constraint-off,development,answerable,1,acba67ec7c383344d492031730915d4b3d71c2bf086412f42365bd80fd83073e,ai,not_reviewed
NQ-036,retrieval-off_constraint-on,development,answerable,0,c7bdf176b4d042df2bc2702df22d8dd65b64e212c09dd9c4c1001a881c9c9f95,ai,not_reviewed
NQ-036,retrieval-on_constraint-off,development,answerable,1,29539a23c69f0ed93a813633ad335697d1a50c9e814b27bbc0d70664be726746,ai,not_reviewed
NQ-036,retrieval-on_constraint-on,development,answerable,1,f65c688fc5a2d76ca813754b9a32f36dd46cda51d75ac40cff49f89a405bae6e,ai,not_reviewed
NQ-037,retrieval-off_constraint-off,development,answerable,1,816aecc098c28264c21bf54bea460b9600050aab38ebc544d0829585824f31aa,ai,not_reviewed
NQ-037,retrieval-off_constraint-on,development,answerable,0,c144e78ccf1ff12a754fb4ab281a9b7071055dd21c8788dc0a253a2e5bf870fd,ai,not_reviewed
NQ-037,retrieval-on_constraint-off,development,answerable,1,8914b92eda308c1e88266614069a06fc013acbaf14265ef8a63c1850770b28fa,ai,not_reviewed
NQ-037,retrieval-on_constraint-on,development,answerable,1,78a547a81fb20956fcd98570c8a9ebb03fc1b31f5a2e718c4b3ebcbf54eb3559,ai,not_reviewed
NQ-038,retrieval-off_constraint-off,development,answerable,1,847b89a9a101f1dbedfffd1d17bbf3ec22ed690f579c15ae5b841f4649b34a94,ai,not_reviewed
NQ-038,retrieval-off_constraint-on,development,answerable,0,c1f7eb0f7743d58c24a5cef6105cd0e55be253d042223b6a34363b48cb111f98,ai,not_reviewed
NQ-038,retrieval-on_constraint-off,development,answerable,1,ea3d50df4b6e30fb94f7737753d25c08c23f06f2012b377dd397914bc8212be3,ai,not_reviewed
NQ-038,retrieval-on_constraint-on,development,answerable,1,4b4adcb3eca376b61afd2836a0a315b306184ff71e3489865f2f3635c4a7b2c0,ai,not_reviewed
NQ-039,retrieval-off_constraint-off,sealed_test,answerable,1,903c1de79267d86580cfd0b03d8edf72291f29df5cdfab8b89a00651f29f8092,ai,not_reviewed
NQ-039,retrieval-off_constraint-on,sealed_test,answerable,0,9472b0cd9eea21e239d31c3a4d2edb0f92bc784facb952832f25529a7851fba2,ai,not_reviewed
NQ-039,retrieval-on_constraint-off,sealed_test,answerable,1,53c1766361626599c36d8e93ecbb8b88921326278dfb7e794754d5909ee42e0f,ai,not_reviewed
NQ-039,retrieval-on_constraint-on,sealed_test,answerable,1,2d65af9ac2d4269007866c7f68a836cdc87f7a5b4cad4ef92ee20f4b62e2ee0f,ai,not_reviewed
NQ-040,retrieval-off_constraint-off,sealed_test,answerable,1,c4577623fc7688027887c196ceeec9f1ff2da73dad3441daf9e8829ff264a87a,ai,not_reviewed
NQ-040,retrieval-off_constraint-on,sealed_test,answerable,0,9fa5e5fe0b8ebc4c00efa6bd8161be4c08efe5f210e2a0da90723ca7c4faf9e0,ai,not_reviewed
NQ-040,retrieval-on_constraint-off,sealed_test,answerable,1,f6d5b615fdc53686bf24d0e6650e0aad4d80899f973aa157de478e8640373807,ai,not_reviewed
NQ-040,retrieval-on_constraint-on,sealed_test,answerable,1,2f88b98fc71e5425bf90234fd3b1b30a1cb9c82b0757db805a3de7802f1f1de7,ai,not_reviewed
NQ-041,retrieval-off_constraint-off,sealed_test,answerable,1,7ccfbe9c9d46a9ab4ef9b5df217987ca2317e4d91d336a4bbe86fbe9b2ca93e9,ai,not_reviewed
NQ-041,retrieval-off_constraint-on,sealed_test,answerable,0,21a9c3e9e01517402af8052f2dfe8150425f5f7cdc749177625bb0572f240f53,ai,not_reviewed
NQ-041,retrieval-on_constraint-off,sealed_test,answerable,1,8fe2188c14ed012fd8f9f78058985860d6a27c5d9b30a9f89ad25ec8bc5a764b,ai,not_reviewed
NQ-041,retrieval-on_constraint-on,sealed_test,answerable,1,e2c43b5263ff47929b11a23f34f43b1565df56b0bdfa331e00610742ac6c64c1,ai,not_reviewed
NQ-042,retrieval-off_constraint-off,sealed_test,insufficient_evidence,1,788fbc26c67762b0d8a8166cdad95f8d8a78234fd7a68b639e1440c4f225b152,ai,not_reviewed
NQ-042,retrieval-off_constraint-on,sealed_test,insufficient_evidence,0,7cbb2709baf7d5cfeade9524468a15b816e2d51c1a388889128f933d71f23f9f,ai,not_reviewed
NQ-042,retrieval-on_constraint-off,sealed_test,insufficient_evidence,1,d003eb38a495caac2d13f8bda07c89a8e21cbf5e58a46a1287874fba916107c1,ai,not_reviewed
NQ-042,retrieval-on_constraint-on,sealed_test,insufficient_evidence,1,4976930ad34fd70cee51d85120576a434a6df4e90179b935479e395de8ca1556,ai,not_reviewed
NQ-043,retrieval-off_constraint-off,sealed_test,answerable,1,52becc71b049f207e1e66de3b8806011f0e410ede5a1773db5290fd123d75bfc,ai,not_reviewed
NQ-043,retrieval-off_constraint-on,sealed_test,answerable,0,e8490c15122abde0b29395bab591625a717790180a9a53e100336d208b8f149e,ai,not_reviewed
NQ-043,retrieval-on_constraint-off,sealed_test,answerable,1,df9a603ac8d4280f6eb473c2cf41e4ce017c1e048466859a1dfc9b2b891dfa84,ai,not_reviewed
NQ-043,retrieval-on_constraint-on,sealed_test,answerable,1,aef5edf46a4c2e8974c3cc86c7fd09a35c4161e612001494d7b51771df2c3188,ai,not_reviewed
NQ-044,retrieval-off_constraint-off,sealed_test,answerable,1,a272edda52b533a8921f26e2b81eafc5da6ea515a4d68b336b4302e95f519ca8,ai,not_reviewed
NQ-044,retrieval-off_constraint-on,sealed_test,answerable,0,51876f3e94cc25e055d07e9f712acc515f4c5bc6405dcec2fccda5850c974503,ai,not_reviewed
NQ-044,retrieval-on_constraint-off,sealed_test,answerable,1,6851996ba214d49791ea36590353b49f2d1fd2d9c63cc208552f52fc35b331c2,ai,not_reviewed
NQ-044,retrieval-on_constraint-on,sealed_test,answerable,1,caf18dc2b84b3fb2f777b127ad5d7fb8f0b0407c6aa6ce444dd0c3a96203e967,ai,not_reviewed
NQ-045,retrieval-off_constraint-off,sealed_test,answerable,1,dbe71856a17e37940a768d9a3b97d1d9377cba30468cd1942743b01c96275bf4,ai,not_reviewed
NQ-045,retrieval-off_constraint-on,sealed_test,answerable,0,be76c868c6358a59938726eac77284bff46b703436a6c2418ea174a8c051033d,ai,not_reviewed
NQ-045,retrieval-on_constraint-off,sealed_test,answerable,1,c3ca38839890cd5b20f4f0ed73a2a3e8a9491dbfee6a3366672b2c6f46101b8a,ai,not_reviewed
NQ-045,retrieval-on_constraint-on,sealed_test,answerable,1,0edf39eef0eb577b935eb0c473286df8a6ba54d74d8e1b47d93d4b921018b807,ai,not_reviewed
NQ-046,retrieval-off_constraint-off,sealed_test,answerable,1,74f00c3dd7d14e75bd868faedc06638eca18d3a22ec7fe979af5084643987ce0,ai,not_reviewed
NQ-046,retrieval-off_constraint-on,sealed_test,answerable,0,2d5111116f890998afa20a1c5af86e61880eb3ec1717a0220ac7084a95e40410,ai,not_reviewed
NQ-046,retrieval-on_constraint-off,sealed_test,answerable,1,1a9d52f88cc10a64c17b34b52e618816c1d7c54d39e4553f00c68e56892bc87e,ai,not_reviewed
NQ-046,retrieval-on_constraint-on,sealed_test,answerable,1,77cd8716be6806cb8996e717c661b8dbd5ea7914801cad195c7870f1a0b1beb1,ai,not_reviewed
NQ-047,retrieval-off_constraint-off,sealed_test,answerable,1,9cc3b090f6fba466943d7a1d76ff58fca07b3788579d469f506bc9f6ed204e49,ai,not_reviewed
NQ-047,retrieval-off_constraint-on,sealed_test,answerable,0,a374c8960eab8ee56729e37688cba3ee4a73594c17ebe95b5aa7ec5b175d3c0a,ai,not_reviewed
NQ-047,retrieval-on_constraint-off,sealed_test,answerable,1,ee06c1ae9e4505c8b8f0154276e4b71790231bce04f833f5cf4bab43d696c5c6,ai,not_reviewed
NQ-047,retrieval-on_constraint-on,sealed_test,answerable,1,e6e990e5c349b05f03b8552cd32389ba24b5774396170f789210eba2cef869aa,ai,not_reviewed
NQ-048,retrieval-off_constraint-off,sealed_test,answerable,1,a547c04975b43668de9f475ad98f515943036ff07ed634acb591912941668b7d,ai,not_reviewed
NQ-048,retrieval-off_constraint-on,sealed_test,answerable,0,88f63118ced8671905ca0676a737c91bc9d04d65a7f29720fd922f0fc9e0eddc,ai,not_reviewed
NQ-048,retrieval-on_constraint-off,sealed_test,answerable,1,7908487204a2b4a32b8f31dd089d600ba26f2788b53afcf1c84f17bba3830783,ai,not_reviewed
NQ-048,retrieval-on_constraint-on,sealed_test,answerable,1,7216f3d81026b8b3485c91666f04a877ae1e006b815162536107bc36ef0b6c7a,ai,not_reviewed
NQ-049,retrieval-off_constraint-off,sealed_test,answerable,1,b6ead07e6d496b4830fe93486d1eb6a7e2dc423bdc2568c5a80f981627946d25,ai,not_reviewed
NQ-049,retrieval-off_constraint-on,sealed_test,answerable,0,8034e76b347fcbe09b31caf7fd0ae0ba13b93fbecdec04a4009ec79925b6abcd,ai,not_reviewed
NQ-049,retrieval-on_constraint-off,sealed_test,answerable,1,583abc5ffb3b838776d97a314d0a93cf9ed5293e4f0df636b4ca8c263dce5f55,ai,not_reviewed
NQ-049,retrieval-on_constraint-on,sealed_test,answerable,1,4f2f6da8ba70cdff2f9412c42180ad6d749c1894f61991e5767ed5eb474eeb6f,ai,not_reviewed
NQ-050,retrieval-off_constraint-off,sealed_test,answerable,1,a797bf9f63a69a101696a11608fa2a99858c3cc2646b3d847bb56b9d86cb180d,ai,not_reviewed
NQ-050,retrieval-off_constraint-on,sealed_test,answerable,0,c137d9fc86eee9aff8b13027211d11cc417f56e72dd341905dcc864b87241029,ai,not_reviewed
NQ-050,retrieval-on_constraint-off,sealed_test,answerable,1,7d10edfcef377830316ada727ccacce9107c17be40a8e60b9e1952e1d4c16e01,ai,not_reviewed
NQ-050,retrieval-on_constraint-on,sealed_test,answerable,1,c56bb17368aa1d73603d53d228eab4a677ff785547632396aba7cd444bb038dc,ai,not_reviewed
NQ-051,retrieval-off_constraint-off,sealed_test,answerable,1,c6f49ce1774eec6128050a5822d05156c276479b08549e68f7e9870fb32b1ce3,ai,not_reviewed
NQ-051,retrieval-off_constraint-on,sealed_test,answerable,0,1db2962fec84290d18dd5b53c3dec6861a1b10fdd791f5a1cfe9f57a9e72294f,ai,not_reviewed
NQ-051,retrieval-on_constraint-off,sealed_test,answerable,1,5db6c468ef59bbb1f803aaafab09d01df94cb53e1050499ce7d13d873439c03a,ai,not_reviewed
NQ-051,retrieval-on_constraint-on,sealed_test,answerable,1,d5cb2f1dd176d22babea57369438a88195197e825e3e94a41b967bc489f37815,ai,not_reviewed
NQ-052,retrieval-off_constraint-off,sealed_test,answerable,1,bab3dd943f84eafab8b8efe018ed3fda2cafb34c1130eef0eb5ba4a14203505d,ai,not_reviewed
NQ-052,retrieval-off_constraint-on,sealed_test,answerable,0,592b05f22b116918af7f0dbabfd4b52993ad10a0b5b014567e9f7454c080feff,ai,not_reviewed
NQ-052,retrieval-on_constraint-off,sealed_test,answerable,1,eb6a618e14c56d49bf7d34871472cbabef1f54d21ee67eb4d485e3456f8d2277,ai,not_reviewed
NQ-052,retrieval-on_constraint-on,sealed_test,answerable,1,6ee9b3328d203b99175d98b9fe1950cc501a195d066629cd1bccd1671fe1d735,ai,not_reviewed
NQ-053,retrieval-off_constraint-off,sealed_test,answerable,1,ebb8ce62aa6323000d16e9767196e07900504b678b3b5f66de9267b584454729,ai,not_reviewed
NQ-053,retrieval-off_constraint-on,sealed_test,answerable,0,1e82356a1435ab17e0101e51a6b5c658335f9836716d00b82d18afc443f93438,ai,not_reviewed
NQ-053,retrieval-on_constraint-off,sealed_test,answerable,1,da04b21f77bceba9e0970939e55a527f6adea22bb0408b9b6b5ef8497b9f6ca1,ai,not_reviewed
NQ-053,retrieval-on_constraint-on,sealed_test,answerable,1,1d7e534b9f9f4df0083f5ba16aac882e042e180203d00a36cff5565f204e0825,ai,not_reviewed
NQ-054,retrieval-off_constraint-off,sealed_test,answerable,1,d96498a19eabafb4b692342e8c8c81822c9bcc08855459ea8e2726de24d58312,ai,not_reviewed
NQ-054,retrieval-off_constraint-on,sealed_test,answerable,0,2f0c9cdb87e62375c2ec99f692c2ddaa2f747c3c9b4c896041357119c66ae8bb,ai,not_reviewed
NQ-054,retrieval-on_constraint-off,sealed_test,answerable,1,e798fe9ff72af0739adaeac44cfde5337c08a3baeb3282655419eeb680c0be0b,ai,not_reviewed
NQ-054,retrieval-on_constraint-on,sealed_test,answerable,1,a861d78aecc18c9646caf74a2a1f3d9e729fc46b3c7f152584a35834b1493ee3,ai,not_reviewed
NQ-055,retrieval-off_constraint-off,sealed_test,answerable,1,260d6ee34d34a2c376adefd71761b44b25d952d39ce96f809a8a99d230c4f6c9,ai,not_reviewed
NQ-055,retrieval-off_constraint-on,sealed_test,answerable,0,b2f83ba68d8428c45c6f437638ad798ef1ec7116e7ac0e572fff77e3f5a4c826,ai,not_reviewed
NQ-055,retrieval-on_constraint-off,sealed_test,answerable,1,e1b310b65457f1b629f1ffc27b0e550acc712eb8f858b024873b627ce4105147,ai,not_reviewed
NQ-055,retrieval-on_constraint-on,sealed_test,answerable,1,56145af8c2a2997da102ce451d38183456e99c0adda70e3f96aa4088114f13b2,ai,not_reviewed
NQ-056,retrieval-off_constraint-off,sealed_test,answerable,1,765edc1907e5e3069c968bbfcdc07e61b1d093b6c1cb891f1da76d9e44176450,ai,not_reviewed
NQ-056,retrieval-off_constraint-on,sealed_test,answerable,0,2985c8b2a94dc22e0794d70a98ef40a63b7b584e4c8d52bd0eb2311a8783ab89,ai,not_reviewed
NQ-056,retrieval-on_constraint-off,sealed_test,answerable,1,c8b4a6df022c6baf0116eb5fe186ea1e61de5e54421ce4a9903ddc556ee102a4,ai,not_reviewed
NQ-056,retrieval-on_constraint-on,sealed_test,answerable,1,6984a0a442622bca81d0d0d2d82dbfc9c638aa4f0ab75c5f8e7d3b05629246f3,ai,not_reviewed
NQ-057,retrieval-off_constraint-off,sealed_test,answerable,1,5a3ab3531e9d1d82aa7795cad226bab55d83c296262da8d1970ccf903cde1e17,ai,not_reviewed
NQ-057,retrieval-off_constraint-on,sealed_test,answerable,0,4777d3d98bf7c0305463b2255bb672fb9bbda1778826c8f56a95a3789278cebe,ai,not_reviewed
NQ-057,retrieval-on_constraint-off,sealed_test,answerable,1,f817c89be7103e4a08d61f1edfe45e16ae1284237c0ce4828976db1352414306,ai,not_reviewed
NQ-057,retrieval-on_constraint-on,sealed_test,answerable,1,eef496b8ca9996ab42faa91beb131c84c1cc150b17ace9c40759cf0a819e8429,ai,not_reviewed
NQ-058,retrieval-off_constraint-off,sealed_test,answerable,1,5f4252b283d345a82c012822c22bb9b0594357e1c3996a8a2edab75ed2e7270e,ai,not_reviewed
NQ-058,retrieval-off_constraint-on,sealed_test,answerable,0,3fb1bf2878bf2c2a98a207adb7114c7ff78ee5673e9363c0d555682afc91a01e,ai,not_reviewed
NQ-058,retrieval-on_constraint-off,sealed_test,answerable,1,60c8fcf46ef71686782fa2362cf732aa317dd7f94b4909347dbf2ecb1ced7343,ai,not_reviewed
NQ-058,retrieval-on_constraint-on,sealed_test,answerable,1,11117117f30b211f533159b29c3ad495e97e116ee528aa8c5ce510f3b380542c,ai,not_reviewed
NQ-059,retrieval-off_constraint-off,sealed_test,answerable,1,9ddce7192386035bdbf871461e560656ec13315b5ad4190fddde07ddc2742fdb,ai,not_reviewed
NQ-059,retrieval-off_constraint-on,sealed_test,answerable,0,22f86306e6de14b2f6486a87927bdf11cb32c42294a0033f35048eff710ad173,ai,not_reviewed
NQ-059,retrieval-on_constraint-off,sealed_test,answerable,1,20fed6a21caa10c0ad0c4ba9d517c996cce5b0cfe443e48e2c04fdc6a0dca1e8,ai,not_reviewed
NQ-059,retrieval-on_constraint-on,sealed_test,answerable,1,14251be28b811868a02dd0fc319600786fda40b8d3ac61884e13be2ce93ac46c,ai,not_reviewed
NQ-060,retrieval-off_constraint-off,sealed_test,answerable,1,b40ef9e4d0edb41dd28736aed04302c99388b823ea321bdc6b48aac47d681096,ai,not_reviewed
NQ-060,retrieval-off_constraint-on,sealed_test,answerable,0,af67644b4b3cd670899524eddf782cd7f87125550c13306b4ca54ceeeee8b50b,ai,not_reviewed
NQ-060,retrieval-on_constraint-off,sealed_test,answerable,1,eebcf231bef24e6ce1aae46dd647f943449f61f48199ef0c3dc93e6878dff29d,ai,not_reviewed
NQ-060,retrieval-on_constraint-on,sealed_test,answerable,1,28e36e595005741cc87e67ea0a4b34c9048353cd702142f422d7b911f5f64b7f,ai,not_reviewed
NQ-061,retrieval-off_constraint-off,sealed_test,answerable,1,8736d53589bc821ff865bc41b5ca1c8c2ce5ef0d4d4dba930ec571fad5a59e57,ai,not_reviewed
NQ-061,retrieval-off_constraint-on,sealed_test,answerable,0,61b21c1379246199583843179c2dc3096674a3aa1de6ceadc38f008c35f91ffd,ai,not_reviewed
NQ-061,retrieval-on_constraint-off,sealed_test,answerable,1,6bbf1d933924450c2b265beaed9610d1be9ed2bcc9469fdc44ccd924e701e88f,ai,not_reviewed
NQ-061,retrieval-on_constraint-on,sealed_test,answerable,1,5e6da0401173d8382cc6dcdda2728700fc2273c1e40025661130358d4b204ff8,ai,not_reviewed
NQ-062,retrieval-off_constraint-off,sealed_test,answerable,1,8a969b926c3da3bce78220d430ab9ca9da9f38a7f2b0cf621b8e376d2596c22f,ai,not_reviewed
NQ-062,retrieval-off_constraint-on,sealed_test,answerable,0,19062ddeb8cbe5749423d0e6838f1df51752b968ce103bfcf5e170a0b0a9fe77,ai,not_reviewed
NQ-062,retrieval-on_constraint-off,sealed_test,answerable,1,ddf55fce7e2634572979b92253cdc8006a603754fceeec4aea1b67df884dd806,ai,not_reviewed
NQ-062,retrieval-on_constraint-on,sealed_test,answerable,1,2785fcbda42d1bb237000fd1bf9aae09ec9908ee99a61fd2fe19a471306faec1,ai,not_reviewed
NQ-063,retrieval-off_constraint-off,sealed_test,answerable,1,f2961ad8b0ab188c80776ec92f810652af3a812b5aa19af5251394ce262aaf33,ai,not_reviewed
NQ-063,retrieval-off_constraint-on,sealed_test,answerable,0,18c1922bbd4abc8c2ed095375d81f52942b232d78cde3df4466888ea9442229a,ai,not_reviewed
NQ-063,retrieval-on_constraint-off,sealed_test,answerable,1,a164593859332a5d1f80307a1cf6aad1aa89a2fa29d1a71790116e543503cd28,ai,not_reviewed
NQ-063,retrieval-on_constraint-on,sealed_test,answerable,1,2be3dcf4df169dcecc1e1094b331629f48c238e487b6e090adf2b4b2ea33a004,ai,not_reviewed
NQ-064,retrieval-off_constraint-off,sealed_test,answerable,1,fdb7a043ae397ae452f78f1bcef9854b416e3207c273e5c589e178a7a6edbef5,ai,not_reviewed
NQ-064,retrieval-off_constraint-on,sealed_test,answerable,0,7c000584ad1074a0ccffc8da5b605756ebed11dee79852217dfe6a557ce28ea2,ai,not_reviewed
NQ-064,retrieval-on_constraint-off,sealed_test,answerable,1,c53d136e374d9b14830dbe18de3ccd150bf1152de3dec1b2639ece00b6af1351,ai,not_reviewed
NQ-064,retrieval-on_constraint-on,sealed_test,answerable,1,84fe1717e5fa0c91826b8dce6a7a222734a35be6396aa4dccb0af96f58cea7ec,ai,not_reviewed
NQ-065,retrieval-off_constraint-off,development,insufficient_evidence,1,48c832caed32c9a4488f4af72177df2c7907d7c8083780d14ae48eb681733101,ai,not_reviewed
NQ-065,retrieval-off_constraint-on,development,insufficient_evidence,0,60337bb6db672fb6dfa04c09cde130d5036869f6123776bb1a75297985aa3fbe,ai,not_reviewed
NQ-065,retrieval-on_constraint-off,development,insufficient_evidence,1,059fa7fec5630c317c8ea38d7da325a02a3aaf39c1f95d8e169e1c3031a32083,ai,not_reviewed
NQ-065,retrieval-on_constraint-on,development,insufficient_evidence,0,24a1507ff6982b63d882ff1d2cfcc27ada5e2dc261b239a61ace69f0b18cad73,ai,not_reviewed
NQ-066,retrieval-off_constraint-off,development,insufficient_evidence,1,c4449e382831a47b12778e5787e47171183068e28a1d9787950a6536ac47fc33,ai,not_reviewed
NQ-066,retrieval-off_constraint-on,development,insufficient_evidence,0,28895ba3317895be47ebbf66d318ba87f61b308eb427c11384aaa7bd7d1421ee,ai,not_reviewed
NQ-066,retrieval-on_constraint-off,development,insufficient_evidence,1,ed87f26f8b60d6ddec244f7adf26e6b8ab3d965418a5441f86ac06cde6c63ccd,ai,not_reviewed
NQ-066,retrieval-on_constraint-on,development,insufficient_evidence,1,b57a5490dfe493caae18a89163e6095bb23aa1e4262c161d0428875f4ee6536b,ai,not_reviewed
NQ-067,retrieval-off_constraint-off,development,insufficient_evidence,1,b9905f8db1ae2f1007c29776ca75119e9aa7a4fd70afeef1ddf48776d90b9cac,ai,not_reviewed
NQ-067,retrieval-off_constraint-on,development,insufficient_evidence,0,0dd25c5c4fa6854188a995cd963036e1d32f8c197465c378dba9041c02b4dd90,ai,not_reviewed
NQ-067,retrieval-on_constraint-off,development,insufficient_evidence,1,cf60bd7eb3719b93d2b9971ef8b7249437e7bbe099eaaa217fe22a3ae3bf7574,ai,not_reviewed
NQ-067,retrieval-on_constraint-on,development,insufficient_evidence,1,0c3803c14ba0212a2ace53c04433f51dca572e48e4eb0dde172e4d9fcedd8816,ai,not_reviewed
NQ-068,retrieval-off_constraint-off,development,insufficient_evidence,1,a0eb7958296c89419d4d7a92b678b46330887dee127bb8b5a1447a37c692639c,ai,not_reviewed
NQ-068,retrieval-off_constraint-on,development,insufficient_evidence,0,2e0ce263d81cae8442248bde0a04bd078f6ce8c4d03242b2c46bf35019c9819b,ai,not_reviewed
NQ-068,retrieval-on_constraint-off,development,insufficient_evidence,1,f8b05938c910165eb101d436d96482f7c5740c0abf404d24f7029bc23546af20,ai,not_reviewed
NQ-068,retrieval-on_constraint-on,development,insufficient_evidence,0,26cb305f19b66dfa7aead587c440e9e1295d4a776b8bcafa3d160626157ce77b,ai,not_reviewed
NQ-069,retrieval-off_constraint-off,development,insufficient_evidence,1,27085d2e19f7a82670cb7d4afba425db772e9bcc1095fa34e335dc39f6ae6005,ai,not_reviewed
NQ-069,retrieval-off_constraint-on,development,insufficient_evidence,0,02d4f19f527b8ca60880be53edeb773ce75f711958178b6e1c1ce86edf3730c2,ai,not_reviewed
NQ-069,retrieval-on_constraint-off,development,insufficient_evidence,1,66646a0ead57bfc007e51a362440a7065604c3e5e282c71ed99f75ce75ebd0fe,ai,not_reviewed
NQ-069,retrieval-on_constraint-on,development,insufficient_evidence,1,a44d07913bc112bf2ba93f000ae1f54cce197b274fa50e8358240a36dc93f481,ai,not_reviewed
NQ-070,retrieval-off_constraint-off,development,insufficient_evidence,1,01ab257e492de09328d163375956eb71b25aa07bad24fac7564e880e08381a5e,ai,not_reviewed
NQ-070,retrieval-off_constraint-on,development,insufficient_evidence,0,63918b958118b384a32c76fc3e5a60b732f5e9aa24fbf7d38db7df4464c9bf69,ai,not_reviewed
NQ-070,retrieval-on_constraint-off,development,insufficient_evidence,1,e79d66e60f35fd997c28a4d304040fd74453dcd42bfec9f6200423be0cfd4aa0,ai,not_reviewed
NQ-070,retrieval-on_constraint-on,development,insufficient_evidence,1,72b8e6fc8f752a09cdfc388c72b5acaaa4c7931c1158e25ef61b17d2992d43e3,ai,not_reviewed
NQ-071,retrieval-off_constraint-off,development,insufficient_evidence,1,53885841873ae9227c5b769395e65dee7b7673fe637e56fc1ae9132b3f1c5677,ai,not_reviewed
NQ-071,retrieval-off_constraint-on,development,insufficient_evidence,0,292c2bf79a4432da438a68b7b0adca0f1ba198555c921801f4b90602e36b1727,ai,not_reviewed
NQ-071,retrieval-on_constraint-off,development,insufficient_evidence,1,1091ca324cd7685a9dad43055a1985ccc89938faea2d0cfe7b496f9a4cb9e9a9,ai,not_reviewed
NQ-071,retrieval-on_constraint-on,development,insufficient_evidence,1,f889adc3001104686055d2080a935557ed9c4afaee230dc79e6e0d94a3d80081,ai,not_reviewed
NQ-072,retrieval-off_constraint-off,development,insufficient_evidence,1,2b820c517b1ecff7e7bb01a7a3d93761ae4ddae538ae01d349b1d4faeb5ced3a,ai,not_reviewed
NQ-072,retrieval-off_constraint-on,development,insufficient_evidence,0,9c2b76156ecb6c0a7cbd12b352f6728214349b352b733683c0e5d0410ab5aad7,ai,not_reviewed
NQ-072,retrieval-on_constraint-off,development,insufficient_evidence,1,c0072cc082ca780033cb4d00c97114bb5e91a4cdd251d9c6d0c6a879c25a1b79,ai,not_reviewed
NQ-072,retrieval-on_constraint-on,development,insufficient_evidence,1,d2a6b6647574bfdf6b41719530577b7179c211e8d084b57094a6175f3ad1329e,ai,not_reviewed
NQ-073,retrieval-off_constraint-off,sealed_test,insufficient_evidence,1,50b5d5080c79fc517b3c9432772e85ecbcb89492e2a0bb90f6b70a7cb0e36312,ai,not_reviewed
NQ-073,retrieval-off_constraint-on,sealed_test,insufficient_evidence,0,bbfd314b72a0d0edbabcd73537a5d86a803c5c92c4cd761b1b8b3a791f830f26,ai,not_reviewed
NQ-073,retrieval-on_constraint-off,sealed_test,insufficient_evidence,1,fc68a4a4faa3ce0320bdd1f89d940fd5dbbdb39ae211412730fcef8d32ec060f,ai,not_reviewed
NQ-073,retrieval-on_constraint-on,sealed_test,insufficient_evidence,1,0b9ea4cbc53f80f9fe8462080c4f8e15965e1b58b663b7571636108a3e792f27,ai,not_reviewed
NQ-074,retrieval-off_constraint-off,sealed_test,insufficient_evidence,1,897dc07d75ea914951b5fdd2f4a7f877f86f012fa234188a1bc74a0f37ca7223,ai,not_reviewed
NQ-074,retrieval-off_constraint-on,sealed_test,insufficient_evidence,0,000f0d3d3698a7afd66ff48d3ef35c33012e42773cb16f7048a3886b30681484,ai,not_reviewed
NQ-074,retrieval-on_constraint-off,sealed_test,insufficient_evidence,1,53e4d1b9a9c670bf3f639fe70de38a90c08e3c841447e5226aec9b0b0db4131b,ai,not_reviewed
NQ-074,retrieval-on_constraint-on,sealed_test,insufficient_evidence,1,e5a489c5422f7d269dab5b89730e83cfcd20cfdedfe1de6477b63ecde694ee42,ai,not_reviewed
NQ-075,retrieval-off_constraint-off,sealed_test,insufficient_evidence,1,73f64f4f29379f2e1718714875ce50f638750b504050cd0e6c2688e6c272d695,ai,not_reviewed
NQ-075,retrieval-off_constraint-on,sealed_test,insufficient_evidence,0,68fc47ec853241bfdc272cd335ecdb9b2e32b9c255b8f05ff9466d170298557a,ai,not_reviewed
NQ-075,retrieval-on_constraint-off,sealed_test,insufficient_evidence,1,0b08c38b8fb1e03e3832a4cd1b39e8b1842080e63ce9177b49dc9732784ece6a,ai,not_reviewed
NQ-075,retrieval-on_constraint-on,sealed_test,insufficient_evidence,1,38f4fdc96ba16525482c5f34ada15c0fbdd3963d4da781ae882bb8b0bc9fb43e,ai,not_reviewed
NQ-076,retrieval-off_constraint-off,sealed_test,insufficient_evidence,1,7ac8d78f787f96ad816efdc106d378866255f70cc1f1ff32b49dc1935057cd96,ai,not_reviewed
NQ-076,retrieval-off_constraint-on,sealed_test,insufficient_evidence,0,5f871da0c28cc397de0f29c124af2383210b1f1b6ffc16f12fe93cc923f1e77b,ai,not_reviewed
NQ-076,retrieval-on_constraint-off,sealed_test,insufficient_evidence,1,c14692c3eb87051cfedb8a38230388e991671f4a10649623af84d301eaae151f,ai,not_reviewed
NQ-076,retrieval-on_constraint-on,sealed_test,insufficient_evidence,0,8ee9918b8cfb76f7a7a697e6ee5a7d2afc6d2b98579d85b269c617d124077c5f,ai,not_reviewed
NQ-077,retrieval-off_constraint-off,sealed_test,insufficient_evidence,1,55c40917e9a08ddca6c1e7fe4b6e4056cd7be0f15dcfa9b190603b9c59e23346,ai,not_reviewed
NQ-077,retrieval-off_constraint-on,sealed_test,insufficient_evidence,0,3aa3a6071261e8be4ed7e9ab0a6297f14ad25c46949f37baf32d1d3dab69f639,ai,not_reviewed
NQ-077,retrieval-on_constraint-off,sealed_test,insufficient_evidence,1,cd2e576169a504ec1f12759c7ad18050f2d93f88b156ae9451944e4b245d2112,ai,not_reviewed
NQ-077,retrieval-on_constraint-on,sealed_test,insufficient_evidence,1,64b8acd7d6a3fcade3f406a27a2c39c09e32cfff33ab87e3797314e45d6dd880,ai,not_reviewed
NQ-078,retrieval-off_constraint-off,sealed_test,insufficient_evidence,1,ce7d363a07f7f44adaaef89a9f247c61bf2a410ec36ad3771338a912337c10c7,ai,not_reviewed
NQ-078,retrieval-off_constraint-on,sealed_test,insufficient_evidence,0,b2ff1337b1c01a3c80028b225fdfb0031de2eb3f3d42271b85c547605837bb1a,ai,not_reviewed
NQ-078,retrieval-on_constraint-off,sealed_test,insufficient_evidence,1,c588d0b531396c6f5f2b86bd3541f231fafd05a76e208f6b4c1e1ec8ae17f252,ai,not_reviewed
NQ-078,retrieval-on_constraint-on,sealed_test,insufficient_evidence,1,7bb8cde0a42321a729d0836106a7cfb4074cab98eed9cfe66e84f01e2771fe85,ai,not_reviewed
NQ-079,retrieval-off_constraint-off,sealed_test,insufficient_evidence,1,bb9538226c290d2acedec792fffba4c1482648bd105ceaa83c4897cbb1d07ada,ai,not_reviewed
NQ-079,retrieval-off_constraint-on,sealed_test,insufficient_evidence,0,71bf117f9442165fef20538726fc300bd1a8f467996ff0a9e21aa9f4059495e0,ai,not_reviewed
NQ-079,retrieval-on_constraint-off,sealed_test,insufficient_evidence,1,d03ab63908d6de9bfb80418233be614f09f4d3c19c13ed515b56a81f8f40c71e,ai,not_reviewed
NQ-079,retrieval-on_constraint-on,sealed_test,insufficient_evidence,1,56cb16831c2515fcdca88d989b1976d84c0284233e9bb74bb838b9c46dd33e1c,ai,not_reviewed
NQ-080,retrieval-off_constraint-off,sealed_test,insufficient_evidence,1,014f35298baf0479ffa7b6fadd07cbc2411fa2d87454a11e46246d64fc7de114,ai,not_reviewed
NQ-080,retrieval-off_constraint-on,sealed_test,insufficient_evidence,0,091290922f968672e4513a75d5afa10943aa195fd89b04571f74da675fb68771,ai,not_reviewed
NQ-080,retrieval-on_constraint-off,sealed_test,insufficient_evidence,1,87fb1203fd02da6bc358dc10e9671253723b587b3a6c534dbb807958ecea9c25,ai,not_reviewed
NQ-080,retrieval-on_constraint-on,sealed_test,insufficient_evidence,1,5b842add95834c63853c0aff1ac13b019ab966a009d846e28d65c9bd37e30756,ai,not_reviewed
