retrieval,split,answerability,transition,count,denominator,value
on,historical,insufficient_evidence,generated_both,1,6,0.16666666666666666
on,historical,insufficient_evidence,generation_stopped,5,6,0.8333333333333334
on,historical,insufficient_evidence,generation_started,0,6,0.0
on,historical,insufficient_evidence,neither_generated,0,6,0.0
on,historical,answerable,generated_both,27,34,0.7941176470588235
on,historical,answerable,generation_stopped,0,34,0.0
on,historical,answerable,generation_started,0,34,0.0
on,historical,answerable,neither_generated,7,34,0.20588235294117646
on,development,insufficient_evidence,generated_both,6,8,0.75
on,development,insufficient_evidence,generation_stopped,2,8,0.25
on,development,insufficient_evidence,generation_started,0,8,0.0
on,development,insufficient_evidence,neither_generated,0,8,0.0
on,development,answerable,generated_both,32,32,1.0
on,development,answerable,generation_stopped,0,32,0.0
on,development,answerable,generation_started,0,32,0.0
on,development,answerable,neither_generated,0,32,0.0
on,sealed_test,insufficient_evidence,generated_both,8,9,0.8888888888888888
on,sealed_test,insufficient_evidence,generation_stopped,1,9,0.1111111111111111
on,sealed_test,insufficient_evidence,generation_started,0,9,0.0
on,sealed_test,insufficient_evidence,neither_generated,0,9,0.0
on,sealed_test,answerable,generated_both,31,31,1.0
on,sealed_test,answerable,generation_stopped,0,31,0.0
on,sealed_test,answerable,generation_started,0,31,0.0
on,sealed_test,answerable,neither_generated,0,31,0.0
off,historical,insufficient_evidence,generated_both,0,6,0.0
off,historical,insufficient_evidence,generation_stopped,6,6,1.0
off,historical,insufficient_evidence,generation_started,0,6,0.0
off,historical,insufficient_evidence,neither_generated,0,6,0.0
off,historical,answerable,generated_both,0,34,0.0
off,historical,answerable,generation_stopped,27,34,0.7941176470588235
off,historical,answerable,generation_started,0,34,0.0
off,historical,answerable,neither_generated,7,34,0.20588235294117646
off,development,insufficient_evidence,generated_both,0,8,0.0
off,development,insufficient_evidence,generation_stopped,8,8,1.0
off,development,insufficient_evidence,generation_started,0,8,0.0
off,development,insufficient_evidence,neither_generated,0,8,0.0
off,development,answerable,generated_both,0,32,0.0
off,development,answerable,generation_stopped,32,32,1.0
off,development,answerable,generation_started,0,32,0.0
off,development,answerable,neither_generated,0,32,0.0
off,sealed_test,insufficient_evidence,generated_both,0,9,0.0
off,sealed_test,insufficient_evidence,generation_stopped,9,9,1.0
off,sealed_test,insufficient_evidence,generation_started,0,9,0.0
off,sealed_test,insufficient_evidence,neither_generated,0,9,0.0
off,sealed_test,answerable,generated_both,0,31,0.0
off,sealed_test,answerable,generation_stopped,31,31,1.0
off,sealed_test,answerable,generation_started,0,31,0.0
off,sealed_test,answerable,neither_generated,0,31,0.0
