condition,split,metric,numerator,denominator,value,rule_zero_generation
retrieval-on_constraint-on,historical,false_accept_generation,1,6,0.16666666666666666,False
retrieval-on_constraint-on,historical,false_reject_no_generation,7,34,0.20588235294117646,False
retrieval-on_constraint-on,development,false_accept_generation,6,8,0.75,False
retrieval-on_constraint-on,development,false_reject_no_generation,0,32,0.0,False
retrieval-on_constraint-on,sealed_test,false_accept_generation,8,9,0.8888888888888888,False
retrieval-on_constraint-on,sealed_test,false_reject_no_generation,0,31,0.0,False
retrieval-on_constraint-off,historical,false_accept_generation,6,6,1.0,False
retrieval-on_constraint-off,historical,false_reject_no_generation,7,34,0.20588235294117646,False
retrieval-on_constraint-off,development,false_accept_generation,8,8,1.0,False
retrieval-on_constraint-off,development,false_reject_no_generation,0,32,0.0,False
retrieval-on_constraint-off,sealed_test,false_accept_generation,9,9,1.0,False
retrieval-on_constraint-off,sealed_test,false_reject_no_generation,0,31,0.0,False
retrieval-off_constraint-on,historical,false_accept_generation,0,6,0.0,True
retrieval-off_constraint-on,historical,false_reject_no_generation,34,34,1.0,True
retrieval-off_constraint-on,development,false_accept_generation,0,8,0.0,True
retrieval-off_constraint-on,development,false_reject_no_generation,32,32,1.0,True
retrieval-off_constraint-on,sealed_test,false_accept_generation,0,9,0.0,True
retrieval-off_constraint-on,sealed_test,false_reject_no_generation,31,31,1.0,True
retrieval-off_constraint-off,historical,false_accept_generation,6,6,1.0,False
retrieval-off_constraint-off,historical,false_reject_no_generation,7,34,0.20588235294117646,False
retrieval-off_constraint-off,development,false_accept_generation,8,8,1.0,False
retrieval-off_constraint-off,development,false_reject_no_generation,0,32,0.0,False
retrieval-off_constraint-off,sealed_test,false_accept_generation,9,9,1.0,False
retrieval-off_constraint-off,sealed_test,false_reject_no_generation,0,31,0.0,False
