scope,method,n,positive,negative,auc,brier,log_loss,ece_10_bins
ASSISTments nested development OOF,nested_selected,184631,122288,62343,0.7214206451384105,0.1914685527418445,0.5664030888233084,0.013115695285307325
ASSISTments nested development OOF,nested_selected_calibrated,184631,122288,62343,0.721431274023175,0.19130185456302332,0.5658730536564572,0.005965964955780228
ASSISTments nested development OOF,nested_shrinkage_only,184631,122288,62343,0.7169584472841073,0.19210686292579346,0.5680287555906388,0.005283168246513079
ASSISTments nested development OOF,item_difficulty,184631,122288,62343,0.7324027137774171,0.18847677606975888,0.5593024733299081,0.00907655198118311
ASSISTments nested development OOF,concept_em,184631,122288,62343,0.7169611478399827,0.1921270345573792,0.5681057208970479,0.005935175441615957
ASSISTments nested development OOF,original_bkt,184631,122288,62343,0.67410283926695,0.22330296750909698,0.6476071253182054,0.13067813968327585
ASSISTments nested development OOF,global_constant,184631,122288,62343,0.48963426619621914,0.22369390867147487,0.6395789388772432,6.067994328717852e-05
ASSISTments nested development OOF,concept_constant,184631,122288,62343,0.619858135448362,0.21384645952852452,0.6170604797372381,0.003717873146005123
ASSISTments nested development OOF,paired_learner_bootstrap_vs_global_constant,,,,"{'clusters': 3202, 'lower_95': 0.21765709000187428, 'median': 0.2316896219965746, 'upper_95': 0.2448826339835885, 'status': 'exploratory_cluster_bootstrap; positive favors model', 'evidence_status': 'directionally_positive_ci_excludes_zero'}","{'learners': 3202, 'lower_95': 0.03035097124760769, 'median': 0.03236252925988754, 'upper_95': 0.034594720256112335, 'status': 'paired learner-cluster bootstrap; positive means lower model brier', 'evidence_status': 'directionally_positive_ci_excludes_zero'}","{'learners': 3202, 'lower_95': 0.06938633206398999, 'median': 0.07369439863760549, 'upper_95': 0.07825283599678545, 'status': 'paired learner-cluster bootstrap; positive means lower model log_loss', 'evidence_status': 'directionally_positive_ci_excludes_zero'}","{'learners': 3202, 'lower_95': -0.0067197445147365205, 'median': -0.0028625851757636345, 'upper_95': 0.0036058059685811234, 'status': 'paired learner-cluster bootstrap; positive means lower model ECE', 'evidence_status': 'evidence_insufficient_ci_crosses_zero'}"
ASSISTments nested development OOF,opportunity_forgetting_improvements_vs_shrinkage_only,,,,0.00446219785430324,0.0006383101839489702,0.001625666767330447,-0.007832527038794246
ASSISTments nested development OOF,calibration_improvements_vs_selected_uncalibrated,,,,1.0628884764440905e-05,0.000166698178821173,0.0005300351668511283,0.0071497303295270966
ASSISTments nested development OOF,item_difficulty_improvements_vs_concept_em,,,,0.015441565937434398,0.0036502584876203226,0.008803247567139794,-0.0031413765395671535
