axis,stratum,method,n,positive,negative,auc,delta_auc_vs_global_constant,delta_auc_vs_concept_constant,delta_auc_global_ci_lower,delta_auc_global_ci_upper,delta_auc_global_evidence,delta_auc_concept_ci_lower,delta_auc_concept_ci_upper,delta_auc_concept_evidence,log_loss_gain_global_ci_lower,log_loss_gain_global_ci_upper,log_loss_gain_global_evidence,log_loss_gain_concept_ci_lower,log_loss_gain_concept_ci_upper,log_loss_gain_concept_evidence,unique_concepts,train_students_per_concept_min,train_students_per_concept_mean,train_students_per_concept_max,log_loss,brier,ece_10_bins
full_sequence_length,1-3,original_bkt,4972,3907,1065,0.6674629982780396,0.16746299827803957,-0.024255249095460063,,,,,,,,,,,,,96,4,262.1145833333333,1081,0.799112410985463,0.30106474745890643,0.37194288394052744
full_sequence_length,1-3,global_em,4972,3907,1065,0.6728836288784666,0.17288362887846664,-0.018834618495032984,,,,,,,,,,,,,96,4,262.1145833333333,1081,0.527673312271717,0.1712240386311,0.13014936864944196
full_sequence_length,1-3,concept_em,4972,3907,1065,0.7611748985509336,0.26117489855093357,0.06945665117743394,,,,,,,,,,,,,96,4,262.1145833333333,1081,0.4848140827231361,0.15627585828194027,0.12375839162819816
full_sequence_length,1-3,hierarchical_shrinkage,4972,3907,1065,0.7679750201576321,0.2679750201576321,0.07625677278413245,0.2523685487371996,0.28498576357298033,directionally_positive_ci_excludes_zero,0.062012732488520905,0.09068742842781707,directionally_positive_ci_excludes_zero,0.058736153364052315,0.0744928544813439,directionally_positive_ci_excludes_zero,0.016274483449982863,0.027906140713085514,directionally_positive_ci_excludes_zero,96,4,262.1145833333333,1081,0.4904197089230864,0.1573046133979834,0.1260351329796058
full_sequence_length,1-3,global_constant,4972,3907,1065,0.5,0.0,-0.19171824737349963,,,,,,,,,,,,,96,4,262.1145833333333,1081,0.5562934009296423,0.18356167316329303,0.12346493055373842
full_sequence_length,1-3,concept_constant,4972,3907,1065,0.6917182473734996,0.19171824737349963,0.0,,,,,,,,,,,,,96,4,262.1145833333333,1081,0.5123332393862975,0.1674386775565877,0.1229294763101634
full_sequence_length,4-10,original_bkt,16021,11017,5004,0.735731801234151,0.23573180123415105,0.07950337560576926,,,,,,,,,,,,,84,5,294.67857142857144,1081,0.5884947281561146,0.20314833236761287,0.11280645091625613
full_sequence_length,4-10,global_em,16021,11017,5004,0.7203571535074745,0.22035715350747453,0.06412872787909274,,,,,,,,,,,,,84,5,294.67857142857144,1081,0.5672317480130089,0.19145464392984332,0.07375766060062308
full_sequence_length,4-10,concept_em,16021,11017,5004,0.7405552638764,0.24055526387640003,0.08432683824801823,,,,,,,,,,,,,84,5,294.67857142857144,1081,0.5405624383128396,0.1809542099198242,0.018915300156908968
full_sequence_length,4-10,hierarchical_shrinkage,16021,11017,5004,0.7415508729441971,0.24155087294419708,0.08532244731581529,0.22614216102437734,0.2570505164194299,directionally_positive_ci_excludes_zero,0.07107245979532162,0.09904334828101646,directionally_positive_ci_excludes_zero,0.07123502179099238,0.09255522517899527,directionally_positive_ci_excludes_zero,0.03763505719491164,0.05555191823219821,directionally_positive_ci_excludes_zero,84,5,294.67857142857144,1081,0.540798025400115,0.18128237551712956,0.020640065528734083
full_sequence_length,4-10,global_constant,16021,11017,5004,0.5,0.0,-0.1562284256283818,,,,,,,,,,,,,84,5,294.67857142857144,1081,0.6224126096691306,0.21542506948713516,0.025324394171055253
full_sequence_length,4-10,concept_constant,16021,11017,5004,0.6562284256283818,0.1562284256283818,0.0,,,,,,,,,,,,,84,5,294.67857142857144,1081,0.5872796304871174,0.20024467871923957,0.02351248749766802
full_sequence_length,11-20,original_bkt,12766,8036,4730,0.7211246668006656,0.22112466680066556,0.12966738208716178,,,,,,,,,,,,,69,4,325.4492753623188,1081,0.6198621107885686,0.21176093985245648,0.09511728449314304
full_sequence_length,11-20,global_em,12766,8036,4730,0.7148741208957156,0.21487412089571556,0.12341683618221178,,,,,,,,,,,,,69,4,325.4492753623188,1081,0.6005408545184349,0.20627814309178644,0.03144742689148194
full_sequence_length,11-20,concept_em,12766,8036,4730,0.7080911269267156,0.2080911269267156,0.11663384221321182,,,,,,,,,,,,,69,4,325.4492753623188,1081,0.5952095952887765,0.20333213423619736,0.03459430206079965
full_sequence_length,11-20,hierarchical_shrinkage,12766,8036,4730,0.7104856238891163,0.2104856238891163,0.11902833917561251,0.191790026025485,0.22725674890188619,directionally_positive_ci_excludes_zero,0.09627716253365848,0.14180802680719062,directionally_positive_ci_excludes_zero,0.05419385064745348,0.08216701920641012,directionally_positive_ci_excludes_zero,0.041559714429935994,0.06791102418877414,directionally_positive_ci_excludes_zero,69,4,325.4492753623188,1081,0.5935312561586572,0.20280729673477466,0.03261266511122783
full_sequence_length,11-20,global_constant,12766,8036,4730,0.5,0.0,-0.09145728471350378,,,,,,,,,,,,,69,4,325.4492753623188,1081,0.6616065054741133,0.23431293368451309,0.03285098376462703
full_sequence_length,11-20,concept_constant,12766,8036,4730,0.5914572847135038,0.09145728471350378,0.0,,,,,,,,,,,,,69,4,325.4492753623188,1081,0.6477370435822527,0.22745444644337454,0.03364592389897661
full_sequence_length,21+,original_bkt,17670,10641,7029,0.6941946670143877,0.1941946670143877,0.09507067321844342,,,,,,,,,,,,,48,9,377.7916666666667,1081,0.6948375746443511,0.23612666308317393,0.12733878680685926
full_sequence_length,21+,global_em,17670,10641,7029,0.6948119026109949,0.1948119026109949,0.09568790881505063,,,,,,,,,,,,,48,9,377.7916666666667,1081,0.6320794506991871,0.21962689595811774,0.06487837941001923
full_sequence_length,21+,concept_em,17670,10641,7029,0.6865435941683673,0.1865435941683673,0.08741960037242302,,,,,,,,,,,,,48,9,377.7916666666667,1081,0.6193813984648084,0.21402463266687294,0.04263509698841053
full_sequence_length,21+,hierarchical_shrinkage,17670,10641,7029,0.6870575081640176,0.18705750816401756,0.08793351436807328,0.16711607536717166,0.2057313576375105,directionally_positive_ci_excludes_zero,0.06010077298520544,0.11759691306418318,directionally_positive_ci_excludes_zero,0.04549221679467025,0.07660497293139623,directionally_positive_ci_excludes_zero,0.03009639364434018,0.05933255620155344,directionally_positive_ci_excludes_zero,48,9,377.7916666666667,1081,0.6194561634784261,0.21409166291732193,0.04332640771493371
full_sequence_length,21+,global_constant,17670,10641,7029,0.5,0.0,-0.09912399379594428,,,,,,,,,,,,,48,9,377.7916666666667,1081,0.6799838514786041,0.24316912949031302,0.060128421419348155
full_sequence_length,21+,concept_constant,17670,10641,7029,0.5991239937959443,0.09912399379594428,0.0,,,,,,,,,,,,,48,9,377.7916666666667,1081,0.6634995766895511,0.2348762701286521,0.048922487433405014
prior_attempts,0-2,original_bkt,16729,10740,5989,0.6439631409912586,0.14396314099125862,0.002145094995698149,,,,,,,,,,,,,101,4,249.47524752475246,1081,0.7273892692579867,0.26598109389131297,0.21224133812645923
prior_attempts,0-2,global_em,16729,10740,5989,0.6407906270123408,0.1407906270123408,-0.0010274189832196745,,,,,,,,,,,,,101,4,249.47524752475246,1081,0.6256465863659325,0.2177997666840087,0.030228120614775256
prior_attempts,0-2,concept_em,16729,10740,5989,0.6983074960829802,0.19830749608298015,0.05648945008741968,,,,,,,,,,,,,101,4,249.47524752475246,1081,0.5945481902640892,0.2042291978938602,0.007542422917951774
prior_attempts,0-2,hierarchical_shrinkage,16729,10740,5989,0.6970464939913118,0.1970464939913118,0.05522844799575133,0.1875532577032738,0.2067603055733842,directionally_positive_ci_excludes_zero,0.04555140714523409,0.06537307320124175,directionally_positive_ci_excludes_zero,0.05046166263013148,0.06395731179328222,directionally_positive_ci_excludes_zero,0.0181445996482497,0.029823073533850553,directionally_positive_ci_excludes_zero,101,4,249.47524752475246,1081,0.5963626808253852,0.20505323890869118,0.01577784035451396
prior_attempts,0-2,global_constant,16729,10740,5989,0.5,0.0,-0.14181804599556047,,,,,,,,,,,,,101,4,249.47524752475246,1081,0.6531753380558536,0.23024988401948845,0.02033662812524939
prior_attempts,0-2,concept_constant,16729,10740,5989,0.6418180459955605,0.14181804599556047,0.0,,,,,,,,,,,,,101,4,249.47524752475246,1081,0.6201807435940732,0.21552584947782694,0.026531312498855607
prior_attempts,3-5,original_bkt,10107,6821,3286,0.7132927580438592,0.21329275804385917,0.08384073637471467,,,,,,,,,,,,,89,4,278.76404494382024,1081,0.5863741192757966,0.19802244085963663,0.08096385518564743
prior_attempts,3-5,global_em,10107,6821,3286,0.7144977296582294,0.21449772965822944,0.08504570798908495,,,,,,,,,,,,,89,4,278.76404494382024,1081,0.5623230156157334,0.18830982341164296,0.040768363234203096
prior_attempts,3-5,concept_em,10107,6821,3286,0.7332440104103694,0.23324401041036935,0.10379198874122486,,,,,,,,,,,,,89,4,278.76404494382024,1081,0.5469906815608091,0.1831963661888193,0.013038176211993902
prior_attempts,3-5,hierarchical_shrinkage,10107,6821,3286,0.7343690759168702,0.23436907591687017,0.10491705424772568,0.2177220893643801,0.25169389427290023,directionally_positive_ci_excludes_zero,0.08667437582938342,0.12411573653155206,directionally_positive_ci_excludes_zero,0.07238979677508982,0.09785276850726597,directionally_positive_ci_excludes_zero,0.04751518188456133,0.07139529972704363,directionally_positive_ci_excludes_zero,89,4,278.76404494382024,1081,0.5464913477085247,0.18287565550933793,0.015025145394100681
prior_attempts,3-5,global_constant,10107,6821,3286,0.5,0.0,-0.1294520216691445,,,,,,,,,,,,,89,4,278.76404494382024,1081,0.6310235213205766,0.2195747393923007,0.012543244724054992
prior_attempts,3-5,concept_constant,10107,6821,3286,0.6294520216691445,0.1294520216691445,0.0,,,,,,,,,,,,,89,4,278.76404494382024,1081,0.6048282457312381,0.20830964111745703,0.014887846147979968
prior_attempts,6-9,original_bkt,7877,5336,2541,0.727393792773035,0.22739379277303495,0.10466140158964199,,,,,,,,,,,,,81,4,294.641975308642,1081,0.5799102345593464,0.19332538499865554,0.07853627670112366
prior_attempts,6-9,global_em,7877,5336,2541,0.7294780517061422,0.22947805170614222,0.10674566052274925,,,,,,,,,,,,,81,4,294.641975308642,1081,0.5583518745714643,0.18679361283504248,0.02536764477729281
prior_attempts,6-9,concept_em,7877,5336,2541,0.7284420068596162,0.22844200685961624,0.10570961567622328,,,,,,,,,,,,,81,4,294.641975308642,1081,0.5485559790181745,0.18339206790720688,0.012167895633518043
prior_attempts,6-9,hierarchical_shrinkage,7877,5336,2541,0.7301073489229412,0.23010734892294116,0.1073749577395482,0.2121305646971997,0.2476919727478687,directionally_positive_ci_excludes_zero,0.08847289942908965,0.13060171055683711,directionally_positive_ci_excludes_zero,0.06952294671650472,0.09498486041371162,directionally_positive_ci_excludes_zero,0.04675358231742288,0.0713900664223947,directionally_positive_ci_excludes_zero,81,4,294.641975308642,1081,0.5478803951277721,0.18312437940900106,0.014791469771550589
prior_attempts,6-9,global_constant,7877,5336,2541,0.5,0.0,-0.12273239118339296,,,,,,,,,,,,,81,4,294.641975308642,1081,0.6293146565053244,0.21875122323246904,0.015079707467206216
prior_attempts,6-9,concept_constant,7877,5336,2541,0.622732391183393,0.12273239118339296,0.0,,,,,,,,,,,,,81,4,294.641975308642,1081,0.605883446117286,0.2085785983936114,0.012855168867028744
prior_attempts,10+,original_bkt,16716,10704,6012,0.7082104708743947,0.2082104708743947,0.10740049857932366,,,,,,,,,,,,,73,4,308.43835616438355,1081,0.6538328171177362,0.21855689548652907,0.12161028971556095
prior_attempts,10+,global_em,16716,10704,6012,0.7059404795292326,0.20594047952923256,0.10513050723416151,,,,,,,,,,,,,73,4,308.43835616438355,1081,0.5981444010543816,0.20427026958504713,0.04201991453275697
prior_attempts,10+,concept_em,16716,10704,6012,0.7060683456828247,0.20606834568282473,0.10525837338775368,,,,,,,,,,,,,73,4,308.43835616438355,1081,0.5873507123504376,0.19986414248889672,0.024922087051256946
prior_attempts,10+,hierarchical_shrinkage,16716,10704,6012,0.7076404070906518,0.2076404070906518,0.10683043479558074,0.1869825939734543,0.22656378626072848,directionally_positive_ci_excludes_zero,0.08035950277629722,0.1372123756290512,directionally_positive_ci_excludes_zero,0.05408547454446665,0.08231858255437731,directionally_positive_ci_excludes_zero,0.04032434858462987,0.0674278595212484,directionally_positive_ci_excludes_zero,73,4,308.43835616438355,1081,0.5868454876314098,0.1996500651650421,0.025053281091834648
prior_attempts,10+,global_constant,16716,10704,6012,0.5,0.0,-0.10080997229507105,,,,,,,,,,,,,73,4,308.43835616438355,1081,0.6542899021192212,0.23078700170671487,0.02199097210632661
prior_attempts,10+,concept_constant,16716,10704,6012,0.600809972295071,0.10080997229507105,0.0,,,,,,,,,,,,,73,4,308.43835616438355,1081,0.6394250897631878,0.22377848533180847,0.0127646888670871
training_concept_coverage,1-39,original_bkt,28,13,15,0.6,0.09999999999999998,0.09999999999999998,,,,,,,,,,,,,8,4,11.0,25,0.6976713803128824,0.2519405726704877,0.15980901451489676
training_concept_coverage,1-39,global_em,28,13,15,0.6,0.09999999999999998,0.09999999999999998,,,,,,,,,,,,,8,4,11.0,25,0.7393896812826268,0.2722831973088057,0.20344919528370628
training_concept_coverage,1-39,concept_em,28,13,15,0.6,0.09999999999999998,0.09999999999999998,,,,,,,,,,,,,8,4,11.0,25,0.7393896812826268,0.2722831973088057,0.20344919528370628
training_concept_coverage,1-39,hierarchical_shrinkage,28,13,15,0.6,0.09999999999999998,0.09999999999999998,0.0,0.18325791855203621,evidence_insufficient_ci_crosses_zero,0.0,0.18000000000000005,evidence_insufficient_ci_crosses_zero,0.005311528930150189,0.06607472586620892,directionally_positive_ci_excludes_zero,0.005253224641812437,0.06648927667961904,directionally_positive_ci_excludes_zero,8,4,11.0,25,0.7393896812826268,0.2722831973088057,0.20344919528370628
training_concept_coverage,1-39,global_constant,28,13,15,0.5,0.0,0.0,,,,,,,,,,,,,8,4,11.0,25,0.7729042211815973,0.2879482280737502,0.1980498378636848
training_concept_coverage,1-39,concept_constant,28,13,15,0.5,0.0,0.0,,,,,,,,,,,,,8,4,11.0,25,0.7729042211815973,0.2879482280737502,0.1980498378636848
training_concept_coverage,40-199,original_bkt,377,208,169,0.6763911015020483,0.1763911015020483,-0.06772018661811552,,,,,,,,,,,,,14,4,40.92857142857143,113,0.7222851523507829,0.2611876791362807,0.18811281366367238
training_concept_coverage,40-199,global_em,377,208,169,0.7089070323167956,0.20890703231679564,-0.03520425580336817,,,,,,,,,,,,,14,4,40.92857142857143,113,0.6144630719754569,0.21158672173634568,0.05446245484004489
training_concept_coverage,40-199,concept_em,377,208,169,0.7184939690487028,0.21849396904870277,-0.02561731907146103,,,,,,,,,,,,,14,4,40.92857142857143,113,0.5900965341877003,0.2031997627774914,0.07612776437777699
training_concept_coverage,40-199,hierarchical_shrinkage,377,208,169,0.7606537323623123,0.26065373236231226,0.016542444242148457,0.13013802806190344,0.3348084886128364,directionally_positive_ci_excludes_zero,-0.030242685922727608,0.06061836690491662,evidence_insufficient_ci_crosses_zero,0.030838614633257,0.23900560996304884,directionally_positive_ci_excludes_zero,-0.026888513838172267,0.0315187280706878,evidence_insufficient_ci_crosses_zero,14,4,40.92857142857143,113,0.5840930273993621,0.19865207481721722,0.06658603205664626
training_concept_coverage,40-199,global_constant,377,208,169,0.5,0.0,-0.2441112881201638,,,,,,,,,,,,,14,4,40.92857142857143,113,0.7139952361897764,0.25955949851067794,0.11061141421836462
training_concept_coverage,40-199,concept_constant,377,208,169,0.7441112881201638,0.2441112881201638,0.0,,,,,,,,,,,,,14,4,40.92857142857143,113,0.5866093968307273,0.2012090120605408,0.09210171627119323
training_concept_coverage,200+,original_bkt,51024,33380,17644,0.675342248408338,0.175342248408338,0.05357475843046666,,,,,,,,,,,,,79,9,310.5822784810127,1081,0.6526451139937358,0.22580961039891426,0.13187485706902072
training_concept_coverage,200+,global_em,51024,33380,17644,0.6823882670020303,0.18238826700203026,0.06062077702415891,,,,,,,,,,,,,79,9,310.5822784810127,1081,0.5937246099278322,0.20275522642568763,0.01582323071271904
training_concept_coverage,200+,concept_em,51024,33380,17644,0.7138252858376418,0.21382528583764182,0.09205779585977047,,,,,,,,,,,,,79,9,310.5822784810127,1081,0.5756230821451561,0.19538636738190832,0.00971082571498919
training_concept_coverage,200+,hierarchical_shrinkage,51024,33380,17644,0.7138435656188794,0.2138435656188794,0.09207607564100806,0.20176144663898254,0.2246976675281671,directionally_positive_ci_excludes_zero,0.07805346937621904,0.10840892308001304,directionally_positive_ci_excludes_zero,0.06082595140378993,0.07784956896644941,directionally_positive_ci_excludes_zero,0.0376278018084823,0.05482994857951391,directionally_positive_ci_excludes_zero,79,9,310.5822784810127,1081,0.5758936265302713,0.19551515655591842,0.007162538952130137
training_concept_coverage,200+,global_constant,51024,33380,17644,0.5,0.0,-0.12176748997787135,,,,,,,,,,,,,79,9,310.5822784810127,1081,0.644953923471389,0.22628791598869197,0.008133607966269496
training_concept_coverage,200+,concept_constant,51024,33380,17644,0.6217674899778713,0.12176748997787135,0.0,,,,,,,,,,,,,79,9,310.5822784810127,1081,0.6214013676689385,0.2157936247865476,0.010988658876439537
